weight,term,year,topic n
0.00013825521913452235,Поднебесной,2011,0
0.00013825521913452235,Пентагоне,2011,0
0.00013825521913452235,Стратегию,2011,0
0.00013825521913452235,Сегодня,2011,0
0.00013825521913452235,Самую,2011,0
0.00013825521913452235,США–,2011,0
0.00013825521913452235,США»,2011,0
0.00013825521913452235,Реальная,2011,0
0.00013825521913452235,Расходы,2011,0
0.00013825521913452235,РЭБ,2011,0
0.00013825521913452235,Поэтому,2011,0
0.00013825521913452235,Постоянный,2011,0
0.00013825521913452235,Политики,2011,0
0.00013825521913452235,ТВД,2011,0
0.00013825521913452235,ОЦЕНКИ,2011,0
0.035005377220653694,мира,2011,1
0.00013343399098165743,Поднебесной,2011,1
0.00013343399098165743,Существует,2011,1
0.00013343399098165743,Стратегию,2011,1
0.00013343399098165743,Сегодня,2011,1
0.00013343399098165743,Самую,2011,1
0.00013343399098165743,США–,2011,1
0.00013343399098165743,США»,2011,1
0.00013343399098165743,Реальная,2011,1
0.00013343399098165743,Расходы,2011,1
0.00013343399098165743,РЭБ,2011,1
0.00013343399098165743,Поэтому,2011,1
0.00013343399098165743,Постоянный,2011,1
0.00013343399098165743,Тем,2011,1
0.00013343399098165743,Политики,2011,1
0.04719257063713318,НАТО,2011,2
0.04370949711487879,в,2011,2
0.033426611083009546,и,2011,2
0.02847377023484782,безопасности,2011,2
0.028349317489580774,с,2011,2
0.02741599863125194,США,2011,2
0.020046302960394998,национальной,2011,2
0.01926988869747045,военного,2011,2
0.019190508066858104,также,2011,2
0.013080629909215265,обороны,2011,2
0.012041032562441193,за,2011,2
0.009940886641716709,присутствия,2011,2
0.009699894417375112,ведомства,2011,2
0.009482093242204583,саммита,2011,2
0.00873535639972831,Блинкен,2011,2
0.049074168327545,и,2011,3
0.031135466689893893,в,2011,3
0.01247010310948509,По,2011,3
0.01113674132629538,с,2011,3
0.010160483005972769,против,2011,3
0.009769857929566668,территории,2011,3
0.009251224292549948,как,2011,3
0.008309001125046456,терроризма,2011,3
0.008270436038009211,к,2011,3
0.008213286002410192,экстремизма,2011,3
0.008195469313559566,международных,2011,3
0.008024239855894595,других,2011,3
0.007799030485094265,терроризм,2011,3
0.007415090801741899,во,2011,3
0.007080529384693624,государств,2011,3
0.00013825521913452237,Поднебесной,2011,4
0.00013825521913452237,Пентагоне,2011,4
0.00013825521913452237,Стратегию,2011,4
0.00013825521913452237,Сегодня,2011,4
0.00013825521913452237,Самую,2011,4
0.00013825521913452237,США–,2011,4
0.00013825521913452237,США»,2011,4
0.00013825521913452237,Реальная,2011,4
0.00013825521913452237,Расходы,2011,4
0.00013825521913452237,РЭБ,2011,4
0.00013825521913452237,Поэтому,2011,4
0.00013825521913452237,Постоянный,2011,4
0.00013825521913452237,Политики,2011,4
0.00013825521913452237,ТВД,2011,4
0.00013825521913452237,ОЦЕНКИ,2011,4
0.04160676944969804,и,2011,5
0.036314646416410766,США,2011,5
0.017953313132019002,для,2011,5
0.01597483804738883,ВС,2011,5
0.015773031761544654,а,2011,5
0.014144300954260513,на,2011,5
0.01399231345941151,военных,2011,5
0.013476563195171768,не,2011,5
0.011856758505999808,более,2011,5
0.011527354568199638,как,2011,5
0.011446019247827833,двух,2011,5
0.01135804308630753,быть,2011,5
0.009854727782230965,в,2011,5
0.00010730212193816192,Самую,2011,5
0.00010730212193816192,ТВД,2011,5
0.0001382552191345223,Поднебесной,2011,6
0.0001382552191345223,Пентагоне,2011,6
0.0001382552191345223,Стратегию,2011,6
0.0001382552191345223,Сегодня,2011,6
0.0001382552191345223,Самую,2011,6
0.0001382552191345223,США–,2011,6
0.0001382552191345223,США»,2011,6
0.0001382552191345223,Реальная,2011,6
0.0001382552191345223,Расходы,2011,6
0.0001382552191345223,РЭБ,2011,6
0.0001382552191345223,Поэтому,2011,6
0.0001382552191345223,Постоянный,2011,6
0.0001382552191345223,Политики,2011,6
0.0001382552191345223,ТВД,2011,6
0.0001382552191345223,ОЦЕНКИ,2011,6
0.032264442798734624,в,2011,7
0.028008264092713505,что,2011,7
0.021569028630125844,не,2011,7
0.014423170741627729,на,2011,7
0.009502923074502852,ПРО,2011,7
0.008655911867571567,все,2011,7
0.008623472031791188,для,2011,7
0.008310491968797025,по,2011,7
0.007748445242289638,как,2011,7
0.006820413109752525,это,2011,7
0.0067949348752769385,у,2011,7
0.00651828931066824,ли,2011,7
0.00632477184011071,стратегических,2011,7
0.0060777875497702236,может,2011,7
0.005877122970938708,того,2011,7
0.058322747045553444,без,2011,8
0.05489649914665961,страны,2011,8
0.02800920104451648,место,2011,8
0.00011877891462839145,Политики,2011,8
0.00011877891462839145,Пентагона»,2011,8
0.00011877891462839145,Стратегию,2011,8
0.00011877891462839145,Сегодня,2011,8
0.00011877891462839145,Самую,2011,8
0.00011877891462839145,США–,2011,8
0.00011877891462839145,США»,2011,8
0.00011877891462839145,Реальная,2011,8
0.00011877891462839145,Расходы,2011,8
0.00011877891462839145,РЭБ,2011,8
0.00011877891462839145,Поэтому,2011,8
0.00011877891462839145,Постоянный,2011,8
0.0478489542163355,в,2011,9
0.02830727403967598,этом,2011,9
0.02085234739079388,и,2011,9
0.01845159082857499,что,2011,9
0.015336528133782931,на,2011,9
0.012776701195910123,РФ,2011,9
0.0125243819812236,возможность,2011,9
0.012326620700449598,США,2011,9
0.010347828180249225,с,2011,9
0.009897028869105148,В,2011,9
0.009487342862878051,еще,2011,9
0.00859528642528642,может,2011,9
0.008556408810005862,ядерного,2011,9
0.008149560864245706,должны,2011,9
0.008052480788102343,сдерживания,2011,9
0.028701625990114794,в,2011,10
0.020659224633327186,США,2011,10
0.01952147266131516,и,2011,10
0.014376965327322926,Как,2011,10
0.013554317614047216,о,2011,10
0.013190428892757457,России,2011,10
0.012566951923407618,на,2011,10
0.012180086846840266,ПРО,2011,10
0.011749491005722198,ядерного,2011,10
0.01086397965724592,для,2011,10
0.009480611695998642,ее,2011,10
0.009021544650098134,не,2011,10
0.008467155036707032,стратегии,2011,10
0.008103870725256989,ЯО,2011,10
0.0078060317799759785,системы,2011,10
0.04856506000506661,и,2011,11
0.03415755929672017,в,2011,11
0.016236689155400493,о,2011,11
0.010327930823674841,по,2011,11
0.009376687768340377,насилия,2011,11
0.008366638748660154,не,2011,11
0.007957878701658504,с,2011,11
0.007364316467293622,числе,2011,11
0.007168334692372293,организаций,2011,11
0.0069360621348490475,закона,2011,11
0.00670910270106584,граждан,2011,11
0.00668755143338311,принятия,2011,11
0.006629530684349818,на,2011,11
0.005890544971853297,семьи,2011,11
0.0058905420515120745,ст,2011,11
0.00013825521913452232,Поднебесной,2011,12
0.00013825521913452232,Пентагоне,2011,12
0.00013825521913452232,Стратегию,2011,12
0.00013825521913452232,Сегодня,2011,12
0.00013825521913452232,Самую,2011,12
0.00013825521913452232,США–,2011,12
0.00013825521913452232,США»,2011,12
0.00013825521913452232,Реальная,2011,12
0.00013825521913452232,Расходы,2011,12
0.00013825521913452232,РЭБ,2011,12
0.00013825521913452232,Поэтому,2011,12
0.00013825521913452232,Постоянный,2011,12
0.00013825521913452232,Политики,2011,12
0.00013825521913452232,ТВД,2011,12
0.00013825521913452232,ОЦЕНКИ,2011,12
0.02805918516450502,было,2011,13
0.00013439447107791688,Политики,2011,13
0.00013439447107791688,Существует,2011,13
0.00013439447107791688,Стратегию,2011,13
0.00013439447107791688,Сегодня,2011,13
0.00013439447107791688,Самую,2011,13
0.00013439447107791688,США–,2011,13
0.00013439447107791688,США»,2011,13
0.00013439447107791688,Реальная,2011,13
0.00013439447107791688,Расходы,2011,13
0.00013439447107791688,РЭБ,2011,13
0.00013439447107791688,Поэтому,2011,13
0.00013439447107791688,Постоянный,2011,13
0.00013439447107791688,Тем,2011,13
0.00013439447107791688,Особое,2011,13
0.031236902682086343,была,2011,14
0.025209518933211106,с,2011,14
0.020713083380240537,этого,2011,14
0.020178113086008743,цель,2011,14
0.019557817066567704,на,2011,14
0.01771535628313883,ракет,2011,14
0.01636525210189368,сказал,2011,14
0.015655545764845253,часть,2011,14
0.015450373076659408,группировки,2011,14
0.012669996999507462,Тополь,2011,14
0.012669996999507462,Коваль,2011,14
0.00010974495203909353,РЭБ,2011,14
0.00010974495203909353,Расходы,2011,14
0.00010974495203909353,Поэтому,2011,14
0.00010974495203909353,США»,2011,14
0.04045673264118073,и,2011,15
0.03694144626651975,в,2011,15
0.019932739558547977,на,2011,15
0.019213886260378822,что,2011,15
0.01565527801019248,не,2011,15
0.015326500260391155,–,2011,15
0.012828991783233951,по,2011,15
0.011898564785884195,а,2011,15
0.010619187568950509,о,2011,15
0.010039375670660473,к,2011,15
0.009850007112749215,будет,2011,15
0.009656875359166891,с,2011,15
0.009403137886512987,есть,2011,15
0.009025828420321654,то,2011,15
0.008164578991978881,же,2011,15
0.03963407197270721,в,2011,16
0.034536323895676756,и,2011,16
0.014935144322962508,на,2011,16
0.014625503540163256,году,2011,16
0.014106418477395775,года,2011,16
0.012756835113245707,является,2011,16
0.011821936944853513,которые,2011,16
0.011013278113515271,время,2011,16
0.010396429936429464,или,2011,16
0.01035877390048485,с,2011,16
0.009325553332057371,для,2011,16
0.00879661519559159,со,2011,16
0.008786115733619211,войны,2011,16
0.008728985181606697,до,2011,16
0.008467878744212207,только,2011,16
0.06871444120220171,и,2011,17
0.06653071228538818,в,2011,17
0.04254776535575414,на,2011,17
0.022949951726505092,по,2011,17
0.02083870667991692,с,2011,17
0.01587041218355606,В,2011,17
0.015801964358237608,к,2011,17
0.007496061405770699,а,2011,17
0.005450936185057308,России,2011,17
0.0049112509184777295,что,2011,17
0.00010091205838282359,США»,2011,17
0.00010091205838282359,США–,2011,17
0.00010091205838282359,Стратегию,2011,17
0.00010091205838282359,Тем,2011,17
0.00010091205838282359,Существует,2011,17
0.00013825521913452227,Поднебесной,2011,18
0.00013825521913452227,Пентагоне,2011,18
0.00013825521913452227,Стратегию,2011,18
0.00013825521913452227,Сегодня,2011,18
0.00013825521913452227,Самую,2011,18
0.00013825521913452227,США–,2011,18
0.00013825521913452227,США»,2011,18
0.00013825521913452227,Реальная,2011,18
0.00013825521913452227,Расходы,2011,18
0.00013825521913452227,РЭБ,2011,18
0.00013825521913452227,Поэтому,2011,18
0.00013825521913452227,Постоянный,2011,18
0.00013825521913452227,Политики,2011,18
0.00013825521913452227,ТВД,2011,18
0.00013825521913452227,ОЦЕНКИ,2011,18
0.05329000766659157,в,2011,19
0.04244352687748642,и,2011,19
0.020789248001330318,на,2011,19
0.014893773503638531,с,2011,19
0.012694158139430861,–,2011,19
0.011376246665580465,the,2011,19
0.008229655236200605,В,2011,19
0.007341835701734178,of,2011,19
0.006609541446482592,М,2011,19
0.006057876698501483,между,2011,19
0.0055456190333333585,США,2011,19
0.005344607976975269,стран,2011,19
0.005180386616161715,во,2011,19
0.004989133549053481,что,2011,19
0.004935604180943147,Сирии,2011,19
0.00013825521913452235,Поднебесной,2012,0
0.00013825521913452235,Пентагоне,2012,0
0.00013825521913452235,Стратегию,2012,0
0.00013825521913452235,Сегодня,2012,0
0.00013825521913452235,Самую,2012,0
0.00013825521913452235,США–,2012,0
0.00013825521913452235,США»,2012,0
0.00013825521913452235,Реальная,2012,0
0.00013825521913452235,Расходы,2012,0
0.00013825521913452235,РЭБ,2012,0
0.00013825521913452235,Поэтому,2012,0
0.00013825521913452235,Постоянный,2012,0
0.00013825521913452235,Политики,2012,0
0.00013825521913452235,ТВД,2012,0
0.00013825521913452235,ОЦЕНКИ,2012,0
0.03518161359719465,мира,2012,1
0.00013340962201366228,Поднебесной,2012,1
0.00013340962201366228,Существует,2012,1
0.00013340962201366228,Стратегию,2012,1
0.00013340962201366228,Сегодня,2012,1
0.00013340962201366228,Самую,2012,1
0.00013340962201366228,США–,2012,1
0.00013340962201366228,США»,2012,1
0.00013340962201366228,Реальная,2012,1
0.00013340962201366228,Расходы,2012,1
0.00013340962201366228,РЭБ,2012,1
0.00013340962201366228,Поэтому,2012,1
0.00013340962201366228,Постоянный,2012,1
0.00013340962201366228,Тем,2012,1
0.00013340962201366228,Политики,2012,1
0.047399658725730154,НАТО,2012,2
0.04389474676791862,в,2012,2
0.0335436297021215,и,2012,2
0.028584322870742442,безопасности,2012,2
0.02845789037683501,с,2012,2
0.02752502656348124,США,2012,2
0.020119737909688643,национальной,2012,2
0.019342634650546666,военного,2012,2
0.019264220873884515,также,2012,2
0.013123661119636717,обороны,2012,2
0.012080546510027058,за,2012,2
0.009970576798620895,присутствия,2012,2
0.00972921234123317,ведомства,2012,2
0.00951108186761689,саммита,2012,2
0.008759539233620713,Блинкен,2012,2
0.04928181299843269,и,2012,3
0.03126332010929189,в,2012,3
0.012516166277854433,По,2012,3
0.011174220245037825,с,2012,3
0.010194887962374565,против,2012,3
0.009804518401495228,территории,2012,3
0.009281276255885531,как,2012,3
0.008336991372047181,терроризма,2012,3
0.008296545726222189,к,2012,3
0.00824083450631613,экстремизма,2012,3
0.008222513737979106,международных,2012,3
0.00805109343486686,других,2012,3
0.007825060461470303,терроризм,2012,3
0.007438055291598272,во,2012,3
0.007101612685252225,государств,2012,3
0.00013825521913452235,Поднебесной,2012,4
0.00013825521913452235,Пентагоне,2012,4
0.00013825521913452235,Стратегию,2012,4
0.00013825521913452235,Сегодня,2012,4
0.00013825521913452235,Самую,2012,4
0.00013825521913452235,США–,2012,4
0.00013825521913452235,США»,2012,4
0.00013825521913452235,Реальная,2012,4
0.00013825521913452235,Расходы,2012,4
0.00013825521913452235,РЭБ,2012,4
0.00013825521913452235,Поэтому,2012,4
0.00013825521913452235,Постоянный,2012,4
0.00013825521913452235,Политики,2012,4
0.00013825521913452235,ТВД,2012,4
0.00013825521913452235,ОЦЕНКИ,2012,4
0.04176604200252588,и,2012,5
0.0364736212009041,США,2012,5
0.01802417521790416,для,2012,5
0.016030483158453738,ВС,2012,5
0.01582676389457854,а,2012,5
0.014193277380345174,на,2012,5
0.014046841924460693,военных,2012,5
0.013519778450067235,не,2012,5
0.011895501837333467,более,2012,5
0.011564584188344452,как,2012,5
0.011481033974544528,двух,2012,5
0.011395821912210098,быть,2012,5
0.009886194546748828,в,2012,5
0.00010718779505700541,Самую,2012,5
0.00010718779505700541,ТВД,2012,5
0.00013825521913452232,Поднебесной,2012,6
0.00013825521913452232,Пентагоне,2012,6
0.00013825521913452232,Стратегию,2012,6
0.00013825521913452232,Сегодня,2012,6
0.00013825521913452232,Самую,2012,6
0.00013825521913452232,США–,2012,6
0.00013825521913452232,США»,2012,6
0.00013825521913452232,Реальная,2012,6
0.00013825521913452232,Расходы,2012,6
0.00013825521913452232,РЭБ,2012,6
0.00013825521913452232,Поэтому,2012,6
0.00013825521913452232,Постоянный,2012,6
0.00013825521913452232,Политики,2012,6
0.00013825521913452232,ТВД,2012,6
0.00013825521913452232,ОЦЕНКИ,2012,6
0.032401271757784136,в,2012,7
0.02811583265064681,что,2012,7
0.021648437924624057,не,2012,7
0.014477406644259035,на,2012,7
0.009533447562331142,ПРО,2012,7
0.008685585384352537,все,2012,7
0.00864919615011711,для,2012,7
0.008335449554266771,по,2012,7
0.007772164952513143,как,2012,7
0.006841611300876942,это,2012,7
0.006814910009273558,у,2012,7
0.006537002005686486,ли,2012,7
0.006342963270434444,стратегических,2012,7
0.006095401047501666,может,2012,7
0.005893772066866884,того,2012,7
0.05863655464172911,без,2012,8
0.055166696661660054,страны,2012,8
0.028141606610509268,место,2012,8
0.00011867982601467512,Политики,2012,8
0.00011867982601467512,Пентагона»,2012,8
0.00011867982601467512,Стратегию,2012,8
0.00011867982601467512,Сегодня,2012,8
0.00011867982601467512,Самую,2012,8
0.00011867982601467512,США–,2012,8
0.00011867982601467512,США»,2012,8
0.00011867982601467512,Реальная,2012,8
0.00011867982601467512,Расходы,2012,8
0.00011867982601467512,РЭБ,2012,8
0.00011867982601467512,Поэтому,2012,8
0.00011867982601467512,Постоянный,2012,8
0.04736084819186654,в,2012,9
0.028185049343421587,этом,2012,9
0.020947659448432934,и,2012,9
0.018496363760103874,что,2012,9
0.015417816774637357,на,2012,9
0.012594180202892461,США,2012,9
0.012464253491705227,РФ,2012,9
0.012214759638964292,возможность,2012,9
0.0103972172736518,с,2012,9
0.00988085527554054,В,2012,9
0.009652626149385694,еще,2012,9
0.008732872785887757,может,2012,9
0.00830741381201844,ядерного,2012,9
0.008276309088710377,должны,2012,9
0.008174259037845643,Россию,2012,9
0.02881516565191892,в,2012,10
0.020740881689441885,США,2012,10
0.019592033508691372,и,2012,10
0.014424087861110834,Как,2012,10
0.013602618527473317,о,2012,10
0.013237874005723214,России,2012,10
0.0126068833388373,на,2012,10
0.012217781552862633,ПРО,2012,10
0.011786093285875831,ядерного,2012,10
0.010897313848133416,для,2012,10
0.009507491949169104,ее,2012,10
0.009046641490989632,не,2012,10
0.008489898687072022,стратегии,2012,10
0.008125594512415051,ЯО,2012,10
0.007826448302851638,системы,2012,10
0.04879291742863085,и,2012,11
0.03431603757709004,в,2012,11
0.016296999604009165,о,2012,11
0.010361327831860601,по,2012,11
0.009405700870744878,насилия,2012,11
0.008392907214633838,не,2012,11
0.007981051406533698,с,2012,11
0.007385413647979604,числе,2012,11
0.007189872018641939,организаций,2012,11
0.00695524106083271,закона,2012,11
0.006727618552438369,граждан,2012,11
0.006707307105923357,принятия,2012,11
0.0066478704268408415,на,2012,11
0.005904215263842898,семьи,2012,11
0.005904212514725138,ст,2012,11
0.00013825521913452232,Поднебесной,2012,12
0.00013825521913452232,Пентагоне,2012,12
0.00013825521913452232,Стратегию,2012,12
0.00013825521913452232,Сегодня,2012,12
0.00013825521913452232,Самую,2012,12
0.00013825521913452232,США–,2012,12
0.00013825521913452232,США»,2012,12
0.00013825521913452232,Реальная,2012,12
0.00013825521913452232,Расходы,2012,12
0.00013825521913452232,РЭБ,2012,12
0.00013825521913452232,Поэтому,2012,12
0.00013825521913452232,Постоянный,2012,12
0.00013825521913452232,Политики,2012,12
0.00013825521913452232,ТВД,2012,12
0.00013825521913452232,ОЦЕНКИ,2012,12
0.02822387571090882,было,2012,13
0.00013437169860192074,Политики,2012,13
0.00013437169860192074,Существует,2012,13
0.00013437169860192074,Стратегию,2012,13
0.00013437169860192074,Сегодня,2012,13
0.00013437169860192074,Самую,2012,13
0.00013437169860192074,США–,2012,13
0.00013437169860192074,США»,2012,13
0.00013437169860192074,Реальная,2012,13
0.00013437169860192074,Расходы,2012,13
0.00013437169860192074,РЭБ,2012,13
0.00013437169860192074,Поэтому,2012,13
0.00013437169860192074,Постоянный,2012,13
0.00013437169860192074,Тем,2012,13
0.00013437169860192074,Особое,2012,13
0.035631798355878916,была,2012,14
0.025162250594990703,с,2012,14
0.021869883791288715,этого,2012,14
0.019555404911707586,на,2012,14
0.01920509069850602,цель,2012,14
0.016562651220097587,ракет,2012,14
0.015927382265722313,часть,2012,14
0.015923501511140525,сказал,2012,14
0.014933243146398973,группировки,2012,14
0.011998745147459008,Тополь,2012,14
0.011998745147459008,Коваль,2012,14
0.00010955847455128089,РЭБ,2012,14
0.00010955847455128089,Расходы,2012,14
0.00010955847455128089,Поэтому,2012,14
0.00010955847455128089,США»,2012,14
0.04062926345229824,и,2012,15
0.037070810736071255,в,2012,15
0.020001613728070123,на,2012,15
0.019291380017568974,что,2012,15
0.015700939951228524,не,2012,15
0.015375464143426599,–,2012,15
0.01286468929191823,по,2012,15
0.011938603721091711,а,2012,15
0.010651132825481024,о,2012,15
0.010067336079010536,к,2012,15
0.009878370328100223,будет,2012,15
0.009684087922143963,с,2012,15
0.009429501912790246,есть,2012,15
0.009052081072114592,то,2012,15
0.008186226320816387,же,2012,15
0.038837438802913994,в,2012,16
0.03453803154868601,и,2012,16
0.015010164714704198,на,2012,16
0.014458895086441291,году,2012,16
0.013279682464440013,года,2012,16
0.01318921204069061,является,2012,16
0.011628337307516824,которые,2012,16
0.010699595279090634,или,2012,16
0.010413602521448866,с,2012,16
0.01030899018060606,время,2012,16
0.00901641176743495,со,2012,16
0.009004686993295931,войны,2012,16
0.008940097606314578,для,2012,16
0.00867263089466151,только,2012,16
0.008533465967155672,до,2012,16
0.06872051377304937,и,2012,17
0.06530780537636331,в,2012,17
0.042871680060847114,на,2012,17
0.0230976604142753,по,2012,17
0.020988152652206563,с,2012,17
0.015827962088308053,В,2012,17
0.015709842340367697,к,2012,17
0.007608001687655757,а,2012,17
0.005518193756741212,России,2012,17
0.004931390483581312,что,2012,17
0.0001009855734966917,США»,2012,17
0.0001009855734966917,США–,2012,17
0.0001009855734966917,Стратегию,2012,17
0.0001009855734966917,Тем,2012,17
0.0001009855734966917,Существует,2012,17
0.00013825521913452235,Поднебесной,2012,18
0.00013825521913452235,Пентагоне,2012,18
0.00013825521913452235,Стратегию,2012,18
0.00013825521913452235,Сегодня,2012,18
0.00013825521913452235,Самую,2012,18
0.00013825521913452235,США–,2012,18
0.00013825521913452235,США»,2012,18
0.00013825521913452235,Реальная,2012,18
0.00013825521913452235,Расходы,2012,18
0.00013825521913452235,РЭБ,2012,18
0.00013825521913452235,Поэтому,2012,18
0.00013825521913452235,Постоянный,2012,18
0.00013825521913452235,Политики,2012,18
0.00013825521913452235,ТВД,2012,18
0.00013825521913452235,ОЦЕНКИ,2012,18
0.05356173029427398,в,2012,19
0.04231656583161938,и,2012,19
0.020839854120452205,на,2012,19
0.01491675932142575,с,2012,19
0.012732547085174814,–,2012,19
0.011414521610541671,the,2012,19
0.008246479183219075,В,2012,19
0.007363936245737213,of,2012,19
0.006628583583663896,М,2012,19
0.0060765894049426596,между,2012,19
0.005561666447788186,США,2012,19
0.005358357657954533,стран,2012,19
0.005191968940098877,во,2012,19
0.005000435050784743,что,2012,19
0.004947920182127585,Сирии,2012,19
0.00013825521913452237,Поднебесной,2013,0
0.00013825521913452237,Пентагоне,2013,0
0.00013825521913452237,Стратегию,2013,0
0.00013825521913452237,Сегодня,2013,0
0.00013825521913452237,Самую,2013,0
0.00013825521913452237,США–,2013,0
0.00013825521913452237,США»,2013,0
0.00013825521913452237,Реальная,2013,0
0.00013825521913452237,Расходы,2013,0
0.00013825521913452237,РЭБ,2013,0
0.00013825521913452237,Поэтому,2013,0
0.00013825521913452237,Постоянный,2013,0
0.00013825521913452237,Политики,2013,0
0.00013825521913452237,ТВД,2013,0
0.00013825521913452237,ОЦЕНКИ,2013,0
0.039707664634933304,мира,2013,1
0.00013278378531043507,Поднебесной,2013,1
0.00013278378531043507,Существует,2013,1
0.00013278378531043507,Стратегию,2013,1
0.00013278378531043507,Сегодня,2013,1
0.00013278378531043507,Самую,2013,1
0.00013278378531043507,США–,2013,1
0.00013278378531043507,США»,2013,1
0.00013278378531043507,Реальная,2013,1
0.00013278378531043507,Расходы,2013,1
0.00013278378531043507,РЭБ,2013,1
0.00013278378531043507,Поэтому,2013,1
0.00013278378531043507,Постоянный,2013,1
0.00013278378531043507,Тем,2013,1
0.00013278378531043507,Политики,2013,1
0.04519555496532361,НАТО,2013,2
0.04387414691258954,в,2013,2
0.03354526543693105,и,2013,2
0.030430722764309064,безопасности,2013,2
0.028442754715496822,с,2013,2
0.027515907576976945,США,2013,2
0.02104321609220375,национальной,2013,2
0.01930923284727388,также,2013,2
0.018289697489039143,военного,2013,2
0.013518810756386819,обороны,2013,2
0.01209881178535066,за,2013,2
0.01020265462648692,присутствия,2013,2
0.009950406192820614,ведомства,2013,2
0.00972359072995943,саммита,2013,2
0.00893865853110667,Блинкен,2013,2
0.049704212891036895,и,2013,3
0.03142483103333184,в,2013,3
0.012248483659476913,По,2013,3
0.011191434073408248,с,2013,3
0.009816589752044157,территории,2013,3
0.009688277663651382,против,2013,3
0.00929452137538428,как,2013,3
0.008929244043604663,терроризма,2013,3
0.008490331050299798,экстремизма,2013,3
0.008345939236559036,терроризм,2013,3
0.008319100118838216,к,2013,3
0.007977555501139062,других,2013,3
0.00785154790462052,международных,2013,3
0.007446313235385846,во,2013,3
0.007097529615143557,их,2013,3
0.00013825521913452232,Поднебесной,2013,4
0.00013825521913452232,Пентагоне,2013,4
0.00013825521913452232,Стратегию,2013,4
0.00013825521913452232,Сегодня,2013,4
0.00013825521913452232,Самую,2013,4
0.00013825521913452232,США–,2013,4
0.00013825521913452232,США»,2013,4
0.00013825521913452232,Реальная,2013,4
0.00013825521913452232,Расходы,2013,4
0.00013825521913452232,РЭБ,2013,4
0.00013825521913452232,Поэтому,2013,4
0.00013825521913452232,Постоянный,2013,4
0.00013825521913452232,Политики,2013,4
0.00013825521913452232,ТВД,2013,4
0.00013825521913452232,ОЦЕНКИ,2013,4
0.041802340278998956,и,2013,5
0.036170088110744576,США,2013,5
0.018001325643760776,для,2013,5
0.017355394184163774,ВС,2013,5
0.01582145996298687,а,2013,5
0.014193968098432786,не,2013,5
0.014192125332666628,на,2013,5
0.013950857238944452,военных,2013,5
0.012026281272250933,более,2013,5
0.011716168104443047,двух,2013,5
0.011560012070502647,быть,2013,5
0.011546835877976778,как,2013,5
0.009893933815084136,в,2013,5
0.00010689324238352404,Самую,2013,5
0.00010689324238352404,ТВД,2013,5
0.00013825521913452237,Поднебесной,2013,6
0.00013825521913452237,Пентагоне,2013,6
0.00013825521913452237,Стратегию,2013,6
0.00013825521913452237,Сегодня,2013,6
0.00013825521913452237,Самую,2013,6
0.00013825521913452237,США–,2013,6
0.00013825521913452237,США»,2013,6
0.00013825521913452237,Реальная,2013,6
0.00013825521913452237,Расходы,2013,6
0.00013825521913452237,РЭБ,2013,6
0.00013825521913452237,Поэтому,2013,6
0.00013825521913452237,Постоянный,2013,6
0.00013825521913452237,Политики,2013,6
0.00013825521913452237,ТВД,2013,6
0.00013825521913452237,ОЦЕНКИ,2013,6
0.03244577833867785,в,2013,7
0.028207931147924102,что,2013,7
0.02303361751866698,не,2013,7
0.014510088892526325,на,2013,7
0.009899017924383576,ПРО,2013,7
0.008655557164371091,для,2013,7
0.008355555088347812,по,2013,7
0.007970556369661179,все,2013,7
0.007783584712544227,как,2013,7
0.006858217257673174,это,2013,7
0.006825312405981395,у,2013,7
0.0065322681114752465,ли,2013,7
0.0063778764327468715,стратегических,2013,7
0.006037299526105853,того,2013,7
0.005962648240271578,может,2013,7
0.06067500135588556,без,2013,8
0.05627234331003107,страны,2013,8
0.029920566544242355,место,2013,8
0.00011799890578006101,Политики,2013,8
0.00011799890578006101,Пентагона»,2013,8
0.00011799890578006101,Стратегию,2013,8
0.00011799890578006101,Сегодня,2013,8
0.00011799890578006101,Самую,2013,8
0.00011799890578006101,США–,2013,8
0.00011799890578006101,США»,2013,8
0.00011799890578006101,Реальная,2013,8
0.00011799890578006101,Расходы,2013,8
0.00011799890578006101,РЭБ,2013,8
0.00011799890578006101,Поэтому,2013,8
0.00011799890578006101,Постоянный,2013,8
0.04699369551652899,в,2013,9
0.025457309085479076,этом,2013,9
0.021070349022214177,и,2013,9
0.018579567733884226,что,2013,9
0.015519360618975726,на,2013,9
0.012876925173222238,США,2013,9
0.012310803463885798,возможность,2013,9
0.012254060003620755,РФ,2013,9
0.010461015175112465,с,2013,9
0.009881222190666153,В,2013,9
0.009816927194995747,еще,2013,9
0.008697417238686693,может,2013,9
0.00859847723596897,должны,2013,9
0.008488549746796576,Россию,2013,9
0.008295327248296782,базирования,2013,9
0.028829742784457282,в,2013,10
0.0207661067442754,США,2013,10
0.019616999295199514,и,2013,10
0.013657369916769522,Как,2013,10
0.01362714261168896,о,2013,10
0.013164103072884731,России,2013,10
0.012627070922532424,на,2013,10
0.012530832508757292,ПРО,2013,10
0.012080391573176906,ядерного,2013,10
0.010914905921116472,для,2013,10
0.009560344574355947,ее,2013,10
0.009177853854814615,не,2013,10
0.008643514625421596,стратегии,2013,10
0.00826825975215997,ЯО,2013,10
0.0077426254334056884,системы,2013,10
0.04877637483542653,и,2013,11
0.034349237289755974,в,2013,11
0.0163132689733621,о,2013,11
0.010386148197161344,по,2013,11
0.009622038840556905,насилия,2013,11
0.00852727301795783,не,2013,11
0.007994165542458418,с,2013,11
0.007361567667511217,числе,2013,11
0.007321794708193944,организаций,2013,11
0.00707655239467096,закона,2013,11
0.0067032152907238575,граждан,2013,11
0.006659040652693551,на,2013,11
0.006550408008086801,принятия,2013,11
0.005989313688462687,семьи,2013,11
0.005989311193537132,ст,2013,11
0.0001382552191345223,Поднебесной,2013,12
0.0001382552191345223,Пентагоне,2013,12
0.0001382552191345223,Стратегию,2013,12
0.0001382552191345223,Сегодня,2013,12
0.0001382552191345223,Самую,2013,12
0.0001382552191345223,США–,2013,12
0.0001382552191345223,США»,2013,12
0.0001382552191345223,Реальная,2013,12
0.0001382552191345223,Расходы,2013,12
0.0001382552191345223,РЭБ,2013,12
0.0001382552191345223,Поэтому,2013,12
0.0001382552191345223,Постоянный,2013,12
0.0001382552191345223,Политики,2013,12
0.0001382552191345223,ТВД,2013,12
0.0001382552191345223,ОЦЕНКИ,2013,12
0.030352036432084714,было,2013,13
0.00013407742859069624,Политики,2013,13
0.00013407742859069624,Существует,2013,13
0.00013407742859069624,Стратегию,2013,13
0.00013407742859069624,Сегодня,2013,13
0.00013407742859069624,Самую,2013,13
0.00013407742859069624,США–,2013,13
0.00013407742859069624,США»,2013,13
0.00013407742859069624,Реальная,2013,13
0.00013407742859069624,Расходы,2013,13
0.00013407742859069624,РЭБ,2013,13
0.00013407742859069624,Поэтому,2013,13
0.00013407742859069624,Постоянный,2013,13
0.00013407742859069624,Тем,2013,13
0.00013407742859069624,Особое,2013,13
0.03948666520793825,была,2013,14
0.025012765713612134,с,2013,14
0.022851806709042962,этого,2013,14
0.01948460414518623,на,2013,14
0.01854009034829058,цель,2013,14
0.01615979114867834,ракет,2013,14
0.016139849702332124,сказал,2013,14
0.015782056053327224,часть,2013,14
0.014509642418044486,группировки,2013,14
0.01171293510666402,Тополь,2013,14
0.01171293510666402,Коваль,2013,14
0.00010919507869568263,РЭБ,2013,14
0.00010919507869568263,Расходы,2013,14
0.00010919507869568263,Поэтому,2013,14
0.00010919507869568263,США»,2013,14
0.040612790199606306,и,2013,15
0.03698297730999718,в,2013,15
0.020007773026205367,на,2013,15
0.019353065480851545,что,2013,15
0.01730124343152746,не,2013,15
0.015316898872178887,–,2013,15
0.012916392799122664,по,2013,15
0.011991150152293762,а,2013,15
0.010657293071957284,о,2013,15
0.010106515200157198,к,2013,15
0.009697809725114775,с,2013,15
0.009163677465720482,будет,2013,15
0.009077189573303501,есть,2013,15
0.008882988030027825,то,2013,15
0.008128066529393215,но,2013,15
0.03869408891063712,в,2013,16
0.03488486340729706,и,2013,16
0.015094194465969824,на,2013,16
0.014859413107761898,году,2013,16
0.013786213205780207,является,2013,16
0.012498178539834483,года,2013,16
0.011439260418616197,которые,2013,16
0.010668699955308279,или,2013,16
0.01046512020104185,с,2013,16
0.009802271838852863,время,2013,16
0.009249086063790194,войны,2013,16
0.009213828302802957,со,2013,16
0.008963377674276773,только,2013,16
0.008658680193475788,для,2013,16
0.008274796394057196,также,2013,16
0.0702820626409828,и,2013,17
0.06566066319053407,в,2013,17
0.04403629051984996,на,2013,17
0.02362290170815609,по,2013,17
0.021230459682744396,с,2013,17
0.01581924467576927,В,2013,17
0.015740086842109764,к,2013,17
0.007702839383376999,а,2013,17
0.005419883116649316,России,2013,17
0.0049192312830514074,что,2013,17
0.00010045221334027083,США»,2013,17
0.00010045221334027083,США–,2013,17
0.00010045221334027083,Стратегию,2013,17
0.00010045221334027083,Тем,2013,17
0.00010045221334027083,Существует,2013,17
0.00013825521913452232,Поднебесной,2013,18
0.00013825521913452232,Пентагоне,2013,18
0.00013825521913452232,Стратегию,2013,18
0.00013825521913452232,Сегодня,2013,18
0.00013825521913452232,Самую,2013,18
0.00013825521913452232,США–,2013,18
0.00013825521913452232,США»,2013,18
0.00013825521913452232,Реальная,2013,18
0.00013825521913452232,Расходы,2013,18
0.00013825521913452232,РЭБ,2013,18
0.00013825521913452232,Поэтому,2013,18
0.00013825521913452232,Постоянный,2013,18
0.00013825521913452232,Политики,2013,18
0.00013825521913452232,ТВД,2013,18
0.00013825521913452232,ОЦЕНКИ,2013,18
0.054725261321805316,в,2013,19
0.043157855799507316,и,2013,19
0.020972373675458,на,2013,19
0.01500046864916727,с,2013,19
0.01171207761859812,–,2013,19
0.010435055132330633,the,2013,19
0.008184840870850155,В,2013,19
0.007096914028987201,of,2013,19
0.006357283768655287,между,2013,19
0.006248504042789128,М,2013,19
0.005545406438803418,США,2013,19
0.005347297424262801,стран,2013,19
0.005209275760849121,во,2013,19
0.005020295070049409,что,2013,19
0.004881557334014627,регионе,2013,19
0.00013825521913452237,Поднебесной,2014,0
0.00013825521913452237,Пентагоне,2014,0
0.00013825521913452237,Стратегию,2014,0
0.00013825521913452237,Сегодня,2014,0
0.00013825521913452237,Самую,2014,0
0.00013825521913452237,США–,2014,0
0.00013825521913452237,США»,2014,0
0.00013825521913452237,Реальная,2014,0
0.00013825521913452237,Расходы,2014,0
0.00013825521913452237,РЭБ,2014,0
0.00013825521913452237,Поэтому,2014,0
0.00013825521913452237,Постоянный,2014,0
0.00013825521913452237,Политики,2014,0
0.00013825521913452237,ТВД,2014,0
0.00013825521913452237,ОЦЕНКИ,2014,0
0.04477456939933232,мира,2014,1
0.00013208316241712772,Поднебесной,2014,1
0.00013208316241712772,Существует,2014,1
0.00013208316241712772,Стратегию,2014,1
0.00013208316241712772,Сегодня,2014,1
0.00013208316241712772,Самую,2014,1
0.00013208316241712772,США–,2014,1
0.00013208316241712772,США»,2014,1
0.00013208316241712772,Реальная,2014,1
0.00013208316241712772,Расходы,2014,1
0.00013208316241712772,РЭБ,2014,1
0.00013208316241712772,Поэтому,2014,1
0.00013208316241712772,Постоянный,2014,1
0.00013208316241712772,Тем,2014,1
0.00013208316241712772,Политики,2014,1
0.04391127174765124,в,2014,2
0.043127012735221106,НАТО,2014,2
0.033577178702271795,и,2014,2
0.032404120764885275,безопасности,2014,2
0.028437134927007435,с,2014,2
0.0275227794080383,США,2014,2
0.022014303935190084,национальной,2014,2
0.019358257243167695,также,2014,2
0.017295951391657263,военного,2014,2
0.013923279761507952,обороны,2014,2
0.012116276588683373,за,2014,2
0.010440607563545262,присутствия,2014,2
0.010174976031828984,ведомства,2014,2
0.00994058228546594,саммита,2014,2
0.009120930015318676,Блинкен,2014,2
0.0502615099657558,и,2014,3
0.03161092499114048,в,2014,3
0.012157448010461081,По,2014,3
0.011208167186190247,с,2014,3
0.009661624808904307,терроризма,2014,3
0.009624372855178507,территории,2014,3
0.009308447894679505,против,2014,3
0.009306275451106271,как,2014,3
0.008986486788749729,терроризм,2014,3
0.008832180418628797,экстремизма,2014,3
0.008341306586445352,к,2014,3
0.007976693020797133,других,2014,3
0.00756449600038404,международных,2014,3
0.007149192384326584,государств,2014,3
0.007123464237805764,их,2014,3
0.00013825521913452237,Поднебесной,2014,4
0.00013825521913452237,Пентагоне,2014,4
0.00013825521913452237,Стратегию,2014,4
0.00013825521913452237,Сегодня,2014,4
0.00013825521913452237,Самую,2014,4
0.00013825521913452237,США–,2014,4
0.00013825521913452237,США»,2014,4
0.00013825521913452237,Реальная,2014,4
0.00013825521913452237,Расходы,2014,4
0.00013825521913452237,РЭБ,2014,4
0.00013825521913452237,Поэтому,2014,4
0.00013825521913452237,Постоянный,2014,4
0.00013825521913452237,Политики,2014,4
0.00013825521913452237,ТВД,2014,4
0.00013825521913452237,ОЦЕНКИ,2014,4
0.041815509032364674,и,2014,5
0.03584920926123583,США,2014,5
0.018784991806600194,ВС,2014,5
0.017976478983247328,для,2014,5
0.015812711753064902,а,2014,5
0.014899076932411798,не,2014,5
0.014190586475256856,на,2014,5
0.013850639852385513,военных,2014,5
0.012157282953923671,более,2014,5
0.011955008415367594,двух,2014,5
0.01172640374822066,быть,2014,5
0.011527951671990397,как,2014,5
0.009903234764937069,в,2014,5
0.0001065859992173121,Самую,2014,5
0.0001065859992173121,ТВД,2014,5
0.00013825521913452232,Поднебесной,2014,6
0.00013825521913452232,Пентагоне,2014,6
0.00013825521913452232,Стратегию,2014,6
0.00013825521913452232,Сегодня,2014,6
0.00013825521913452232,Самую,2014,6
0.00013825521913452232,США–,2014,6
0.00013825521913452232,США»,2014,6
0.00013825521913452232,Реальная,2014,6
0.00013825521913452232,Расходы,2014,6
0.00013825521913452232,РЭБ,2014,6
0.00013825521913452232,Поэтому,2014,6
0.00013825521913452232,Постоянный,2014,6
0.00013825521913452232,Политики,2014,6
0.00013825521913452232,ТВД,2014,6
0.00013825521913452232,ОЦЕНКИ,2014,6
0.03233464139898759,в,2014,7
0.02845518719879674,что,2014,7
0.023341008949896564,не,2014,7
0.014461356092440375,на,2014,7
0.008834417305109749,все,2014,7
0.008732452509817995,ПРО,2014,7
0.008615589407911123,для,2014,7
0.008359370629461585,по,2014,7
0.007771994513027665,как,2014,7
0.006932389118817888,ли,2014,7
0.00678177937912692,у,2014,7
0.006750760569053406,это,2014,7
0.006741989087435248,может,2014,7
0.0066224464532884,всего,2014,7
0.006172670748886272,стратегических,2014,7
0.06277728457583222,без,2014,8
0.057338511787138224,страны,2014,8
0.03181227244560066,место,2014,8
0.00011729902229480347,Политики,2014,8
0.00011729902229480347,Пентагона»,2014,8
0.00011729902229480347,Стратегию,2014,8
0.00011729902229480347,Сегодня,2014,8
0.00011729902229480347,Самую,2014,8
0.00011729902229480347,США–,2014,8
0.00011729902229480347,США»,2014,8
0.00011729902229480347,Реальная,2014,8
0.00011729902229480347,Расходы,2014,8
0.00011729902229480347,РЭБ,2014,8
0.00011729902229480347,Поэтому,2014,8
0.00011729902229480347,Постоянный,2014,8
0.04691802626074308,в,2014,9
0.022234531522183784,этом,2014,9
0.021274337312299184,и,2014,9
0.018722218605187548,что,2014,9
0.01565528396335657,на,2014,9
0.013174448931261133,США,2014,9
0.01238393539097646,РФ,2014,9
0.011766212538116584,возможность,2014,9
0.010546857319053395,с,2014,9
0.01000258482381102,В,2014,9
0.009452020951078428,еще,2014,9
0.008939916131174515,должны,2014,9
0.00877056364592115,базирования,2014,9
0.00874791265593373,может,2014,9
0.008343770953207156,Россию,2014,9
0.028896655041831736,в,2014,10
0.020768603397070724,США,2014,10
0.019691323395443924,и,2014,10
0.013682307705239895,о,2014,10
0.01312007188318758,России,2014,10
0.012756063122224123,ПРО,2014,10
0.012661936588898026,на,2014,10
0.012411536036992347,ядерного,2014,10
0.012297914651319942,Как,2014,10
0.010947202803407009,для,2014,10
0.009346864582963979,ее,2014,10
0.009312834712877924,не,2014,10
0.008653578069918353,стратегии,2014,10
0.008591024148644167,ЯО,2014,10
0.0076601963345718505,системы,2014,10
0.048733190313260046,и,2014,11
0.03436978071675994,в,2014,11
0.016326190614103314,о,2014,11
0.010408317735883825,по,2014,11
0.009839605603947643,насилия,2014,11
0.008660790176516086,не,2014,11
0.008005275164825095,с,2014,11
0.0074535071212222005,организаций,2014,11
0.007335604951149432,числе,2014,11
0.007198151898680997,закона,2014,11
0.006677168948153535,граждан,2014,11
0.006668750305610268,на,2014,11
0.006395163464079789,принятия,2014,11
0.00607356436911611,семьи,2014,11
0.006073562190498858,ст,2014,11
0.00013825521913452232,Поднебесной,2014,12
0.00013825521913452232,Пентагоне,2014,12
0.00013825521913452232,Стратегию,2014,12
0.00013825521913452232,Сегодня,2014,12
0.00013825521913452232,Самую,2014,12
0.00013825521913452232,США–,2014,12
0.00013825521913452232,США»,2014,12
0.00013825521913452232,Реальная,2014,12
0.00013825521913452232,Расходы,2014,12
0.00013825521913452232,РЭБ,2014,12
0.00013825521913452232,Поэтому,2014,12
0.00013825521913452232,Постоянный,2014,12
0.00013825521913452232,Политики,2014,12
0.00013825521913452232,ТВД,2014,12
0.00013825521913452232,ОЦЕНКИ,2014,12
0.03264789320523908,было,2014,13
0.00013375997051918707,Политики,2014,13
0.00013375997051918707,Существует,2014,13
0.00013375997051918707,Стратегию,2014,13
0.00013375997051918707,Сегодня,2014,13
0.00013375997051918707,Самую,2014,13
0.00013375997051918707,США–,2014,13
0.00013375997051918707,США»,2014,13
0.00013375997051918707,Реальная,2014,13
0.00013375997051918707,Расходы,2014,13
0.00013375997051918707,РЭБ,2014,13
0.00013375997051918707,Поэтому,2014,13
0.00013375997051918707,Постоянный,2014,13
0.00013375997051918707,Тем,2014,13
0.00013375997051918707,Особое,2014,13
0.04371113032332305,была,2014,14
0.024849525984615494,с,2014,14
0.0238653316731077,этого,2014,14
0.01940272334269107,на,2014,14
0.01788921575602147,цель,2014,14
0.016350773612334002,сказал,2014,14
0.015758889790987874,ракет,2014,14
0.015629786191237408,часть,2014,14
0.01409079085581657,группировки,2014,14
0.011428189711219287,Тополь,2014,14
0.011428189711219287,Коваль,2014,14
0.00010877810205586083,РЭБ,2014,14
0.00010877810205586083,Расходы,2014,14
0.00010877810205586083,Поэтому,2014,14
0.00010877810205586083,США»,2014,14
0.040665133615782355,и,2014,15
0.03683392497230108,в,2014,15
0.01997214434632168,на,2014,15
0.019390786826827794,что,2014,15
0.018983547198087442,не,2014,15
0.01648244238128921,–,2014,15
0.012963748008198729,по,2014,15
0.012030986372383505,а,2014,15
0.010666746670946694,о,2014,15
0.010149768883161232,к,2014,15
0.009704176697934733,с,2014,15
0.0087478953244016,есть,2014,15
0.008716023758164998,то,2014,15
0.008159831606296209,но,2014,15
0.008144479870591931,будет,2014,15
0.03860596408426462,в,2014,16
0.035388573586173734,и,2014,16
0.015163348761740835,на,2014,16
0.014675464797290212,году,2014,16
0.014423191135473783,является,2014,16
0.012274320397264593,года,2014,16
0.01109702204233099,которые,2014,16
0.01052080024637175,с,2014,16
0.010292861125135715,или,2014,16
0.00967160666139151,войны,2014,16
0.009161446802256046,только,2014,16
0.009156076258201008,со,2014,16
0.009096557755892996,время,2014,16
0.009005325095761378,также,2014,16
0.008416806899456768,для,2014,16
0.071921062293224,и,2014,17
0.06614273221223554,в,2014,17
0.0452733712008708,на,2014,17
0.024170912738406613,по,2014,17
0.02147952331678937,с,2014,17
0.01587320141923823,В,2014,17
0.015780262781980105,к,2014,17
0.0077972102045849884,а,2014,17
0.005320839208729781,России,2014,17
0.00490370921812883,что,2014,17
9.986670018078524e-05,США»,2014,17
9.986670018078524e-05,США–,2014,17
9.986670018078524e-05,Стратегию,2014,17
9.986670018078524e-05,Тем,2014,17
9.986670018078524e-05,Существует,2014,17
0.00013825521913452232,Поднебесной,2014,18
0.00013825521913452232,Пентагоне,2014,18
0.00013825521913452232,Стратегию,2014,18
0.00013825521913452232,Сегодня,2014,18
0.00013825521913452232,Самую,2014,18
0.00013825521913452232,США–,2014,18
0.00013825521913452232,США»,2014,18
0.00013825521913452232,Реальная,2014,18
0.00013825521913452232,Расходы,2014,18
0.00013825521913452232,РЭБ,2014,18
0.00013825521913452232,Поэтому,2014,18
0.00013825521913452232,Постоянный,2014,18
0.00013825521913452232,Политики,2014,18
0.00013825521913452232,ТВД,2014,18
0.00013825521913452232,ОЦЕНКИ,2014,18
0.055970912819590046,в,2014,19
0.043857972064135074,и,2014,19
0.02108992972817323,на,2014,19
0.015060055034531079,с,2014,19
0.010755313052663973,–,2014,19
0.009529257585231325,the,2014,19
0.008112974398536067,В,2014,19
0.006837173315611733,of,2014,19
0.0066504141605653305,между,2014,19
0.005886600847040577,М,2014,19
0.005528473090836432,США,2014,19
0.005333770323776138,стран,2014,19
0.005222524947955177,во,2014,19
0.005037528855313741,что,2014,19
0.004991929622489957,регионе,2014,19
0.00013825521913452235,Поднебесной,2016,0
0.00013825521913452235,Пентагоне,2016,0
0.00013825521913452235,Стратегию,2016,0
0.00013825521913452235,Сегодня,2016,0
0.00013825521913452235,Самую,2016,0
0.00013825521913452235,США–,2016,0
0.00013825521913452235,США»,2016,0
0.00013825521913452235,Реальная,2016,0
0.00013825521913452235,Расходы,2016,0
0.00013825521913452235,РЭБ,2016,0
0.00013825521913452235,Поэтому,2016,0
0.00013825521913452235,Постоянный,2016,0
0.00013825521913452235,Политики,2016,0
0.00013825521913452235,ТВД,2016,0
0.00013825521913452235,ОЦЕНКИ,2016,0
0.05043457651700326,мира,2016,1
0.0001313005286895737,Поднебесной,2016,1
0.0001313005286895737,Существует,2016,1
0.0001313005286895737,Стратегию,2016,1
0.0001313005286895737,Сегодня,2016,1
0.0001313005286895737,Самую,2016,1
0.0001313005286895737,США–,2016,1
0.0001313005286895737,США»,2016,1
0.0001313005286895737,Реальная,2016,1
0.0001313005286895737,Расходы,2016,1
0.0001313005286895737,РЭБ,2016,1
0.0001313005286895737,Поэтому,2016,1
0.0001313005286895737,Постоянный,2016,1
0.0001313005286895737,Тем,2016,1
0.0001313005286895737,Политики,2016,1
0.04333370521897359,в,2016,2
0.04053152890412205,НАТО,2016,2
0.040107079135339424,безопасности,2016,2
0.03310768027523229,и,2016,2
0.028524204471929767,с,2016,2
0.026873052097984743,США,2016,2
0.024685831770490253,национальной,2016,2
0.019351210992101898,также,2016,2
0.016887616743295284,военного,2016,2
0.013720900268842937,обороны,2016,2
0.012035026884886857,за,2016,2
0.010462419577705393,присутствия,2016,2
0.009909633519266135,саммита,2016,2
0.009673243686232317,ведомства,2016,2
0.00858606703555427,Блинкен,2016,2
0.05082646870393415,и,2016,3
0.03179714677034286,в,2016,3
0.012064973563902976,По,2016,3
0.011223243526346868,с,2016,3
0.010455847256393551,терроризма,2016,3
0.009677785871301026,терроризм,2016,3
0.009433676704891621,территории,2016,3
0.009316920508914552,как,2016,3
0.009188062672890497,экстремизма,2016,3
0.008944165821111313,против,2016,3
0.008362126496206237,к,2016,3
0.00797568658592351,других,2016,3
0.0072884997436427025,международных,2016,3
0.007201568107517859,государств,2016,3
0.0071482724688281644,их,2016,3
0.00013825521913452232,Поднебесной,2016,4
0.00013825521913452232,Пентагоне,2016,4
0.00013825521913452232,Стратегию,2016,4
0.00013825521913452232,Сегодня,2016,4
0.00013825521913452232,Самую,2016,4
0.00013825521913452232,США–,2016,4
0.00013825521913452232,США»,2016,4
0.00013825521913452232,Реальная,2016,4
0.00013825521913452232,Расходы,2016,4
0.00013825521913452232,РЭБ,2016,4
0.00013825521913452232,Поэтому,2016,4
0.00013825521913452232,Постоянный,2016,4
0.00013825521913452232,Политики,2016,4
0.00013825521913452232,ТВД,2016,4
0.00013825521913452232,ОЦЕНКИ,2016,4
0.04187580714844806,и,2016,5
0.03553453397557212,США,2016,5
0.020335745383344327,ВС,2016,5
0.017949854218360886,для,2016,5
0.015807463016310957,а,2016,5
0.015633848967140273,не,2016,5
0.01419365528823921,на,2016,5
0.013748514041994665,военных,2016,5
0.012281137392354001,более,2016,5
0.012191633755671739,двух,2016,5
0.011891637404354633,быть,2016,5
0.011507482924012904,как,2016,5
0.009915062125544145,в,2016,5
0.00010625119450950857,Самую,2016,5
0.00010625119450950857,ТВД,2016,5
0.00013825521913452235,Поднебесной,2016,6
0.00013825521913452235,Пентагоне,2016,6
0.00013825521913452235,Стратегию,2016,6
0.00013825521913452235,Сегодня,2016,6
0.00013825521913452235,Самую,2016,6
0.00013825521913452235,США–,2016,6
0.00013825521913452235,США»,2016,6
0.00013825521913452235,Реальная,2016,6
0.00013825521913452235,Расходы,2016,6
0.00013825521913452235,РЭБ,2016,6
0.00013825521913452235,Поэтому,2016,6
0.00013825521913452235,Постоянный,2016,6
0.00013825521913452235,Политики,2016,6
0.00013825521913452235,ТВД,2016,6
0.00013825521913452235,ОЦЕНКИ,2016,6
0.03222350748957559,в,2016,7
0.028705011872929787,что,2016,7
0.0236447367891372,не,2016,7
0.014410965605791415,на,2016,7
0.009785864982070402,все,2016,7
0.008569897145528233,для,2016,7
0.008358510160892138,по,2016,7
0.007754624466810951,как,2016,7
0.0077155052618687004,всего,2016,7
0.007698904725257917,ПРО,2016,7
0.0076153513993942636,может,2016,7
0.007351664639021726,ли,2016,7
0.006734482204844504,у,2016,7
0.006640003271697513,это,2016,7
0.006480575175989544,Владимир,2016,7
0.06547428566049844,без,2016,8
0.05655834586100461,страны,2016,8
0.03398669991703492,место,2016,8
0.00011673314917862541,Политики,2016,8
0.00011673314917862541,Пентагона»,2016,8
0.00011673314917862541,Стратегию,2016,8
0.00011673314917862541,Сегодня,2016,8
0.00011673314917862541,Самую,2016,8
0.00011673314917862541,США–,2016,8
0.00011673314917862541,США»,2016,8
0.00011673314917862541,Реальная,2016,8
0.00011673314917862541,Расходы,2016,8
0.00011673314917862541,РЭБ,2016,8
0.00011673314917862541,Поэтому,2016,8
0.00011673314917862541,Постоянный,2016,8
0.04678229081538034,в,2016,9
0.02146803977503969,и,2016,9
0.019411372720845477,этом,2016,9
0.018849540865702234,что,2016,9
0.015781236135668432,на,2016,9
0.013469432240323742,США,2016,9
0.012506110425350834,РФ,2016,9
0.011239726300526453,возможность,2016,9
0.010625428486978311,с,2016,9
0.01012096994018039,В,2016,9
0.009286889690035507,должны,2016,9
0.009266827612218516,базирования,2016,9
0.009094279446992894,еще,2016,9
0.00879198045966071,может,2016,9
0.008195451209549925,Россию,2016,9
0.02894513318610965,в,2016,10
0.020764194773812854,США,2016,10
0.019768539128343674,и,2016,10
0.013856718024436915,о,2016,10
0.013182339148185885,России,2016,10
0.012855474723862965,ядерного,2016,10
0.012671655904022755,на,2016,10
0.012534010778713568,ПРО,2016,10
0.01115994773451306,Как,2016,10
0.011062106654424496,для,2016,10
0.009506369409440857,не,2016,10
0.009190275990078869,ее,2016,10
0.008975957850310815,ЯО,2016,10
0.008710864029780892,стратегии,2016,10
0.00741933516932374,В,2016,10
0.04866803005385854,и,2016,11
0.034364491829888336,в,2016,11
0.016340233166500306,о,2016,11
0.010430047142737018,по,2016,11
0.010061539238762988,насилия,2016,11
0.008794232933390555,не,2016,11
0.008016297519043165,с,2016,11
0.0075854366802793356,организаций,2016,11
0.007321683177879117,закона,2016,11
0.007309190138682377,числе,2016,11
0.0066786553060432735,на,2016,11
0.0066507551352070465,граждан,2016,11
0.006242169507287929,принятия,2016,11
0.006159595387179374,семьи,2016,11
0.00615959359247052,ст,2016,11
0.0001382552191345223,Поднебесной,2016,12
0.0001382552191345223,Пентагоне,2016,12
0.0001382552191345223,Стратегию,2016,12
0.0001382552191345223,Сегодня,2016,12
0.0001382552191345223,Самую,2016,12
0.0001382552191345223,США–,2016,12
0.0001382552191345223,США»,2016,12
0.0001382552191345223,Реальная,2016,12
0.0001382552191345223,Расходы,2016,12
0.0001382552191345223,РЭБ,2016,12
0.0001382552191345223,Поэтому,2016,12
0.0001382552191345223,Постоянный,2016,12
0.0001382552191345223,Политики,2016,12
0.0001382552191345223,ТВД,2016,12
0.0001382552191345223,ОЦЕНКИ,2016,12
0.03511641547362597,было,2016,13
0.00013341863724092567,Политики,2016,13
0.00013341863724092567,Существует,2016,13
0.00013341863724092567,Стратегию,2016,13
0.00013341863724092567,Сегодня,2016,13
0.00013341863724092567,Самую,2016,13
0.00013341863724092567,США–,2016,13
0.00013341863724092567,США»,2016,13
0.00013341863724092567,Реальная,2016,13
0.00013341863724092567,Расходы,2016,13
0.00013341863724092567,РЭБ,2016,13
0.00013341863724092567,Поэтому,2016,13
0.00013341863724092567,Постоянный,2016,13
0.00013341863724092567,Тем,2016,13
0.00013341863724092567,Особое,2016,13
0.0468526984974816,была,2016,14
0.025001123335406203,этого,2016,14
0.024718886241601987,с,2016,14
0.019332903513157418,на,2016,14
0.017303653882079776,цель,2016,14
0.016604894844454196,сказал,2016,14
0.015515175842197722,часть,2016,14
0.015403664884600364,ракет,2016,14
0.013713769663161077,группировки,2016,14
0.01117159124134442,Тополь,2016,14
0.01117159124134442,Коваль,2016,14
0.00010844780487581979,РЭБ,2016,14
0.00010844780487581979,Расходы,2016,14
0.00010844780487581979,Поэтому,2016,14
0.00010844780487581979,США»,2016,14
0.04054558799896962,и,2016,15
0.036590577429610575,в,2016,15
0.020788293158992638,не,2016,15
0.019904944796828798,на,2016,15
0.019395608744108107,что,2016,15
0.01774310776128184,–,2016,15
0.012999866219545693,по,2016,15
0.012054526541569714,а,2016,15
0.010672898852432127,о,2016,15
0.010183132580974754,к,2016,15
0.009703939277214075,с,2016,15
0.008553449848898711,то,2016,15
0.008433870335700849,есть,2016,15
0.008192568425283188,но,2016,15
0.00801245776920191,В,2016,15
0.03848157470629451,в,2016,16
0.03592985438118404,и,2016,16
0.01523265500544802,на,2016,16
0.01508947889900645,является,2016,16
0.014492061345788681,году,2016,16
0.01204944512184493,года,2016,16
0.010761988499904906,которые,2016,16
0.010569478756831634,с,2016,16
0.010109396404106725,войны,2016,16
0.009924595357857606,или,2016,16
0.009794995622577771,также,2016,16
0.009359776076488384,только,2016,16
0.009093268965327122,со,2016,16
0.008439522099367991,время,2016,16
0.00832309135491102,из,2016,16
0.07255332713778671,и,2016,17
0.06590731514343935,в,2016,17
0.044383364758420606,на,2016,17
0.024911234322738146,по,2016,17
0.021964764309258807,с,2016,17
0.01546431045911032,к,2016,17
0.014871610712379928,В,2016,17
0.007808375143568449,а,2016,17
0.005374170487044301,России,2016,17
0.005019460361879304,что,2016,17
9.992275607979702e-05,США»,2016,17
9.992275607979702e-05,США–,2016,17
9.992275607979702e-05,Стратегию,2016,17
9.992275607979702e-05,Тем,2016,17
9.992275607979702e-05,Существует,2016,17
0.0001382552191345223,Поднебесной,2016,18
0.0001382552191345223,Пентагоне,2016,18
0.0001382552191345223,Стратегию,2016,18
0.0001382552191345223,Сегодня,2016,18
0.0001382552191345223,Самую,2016,18
0.0001382552191345223,США–,2016,18
0.0001382552191345223,США»,2016,18
0.0001382552191345223,Реальная,2016,18
0.0001382552191345223,Расходы,2016,18
0.0001382552191345223,РЭБ,2016,18
0.0001382552191345223,Поэтому,2016,18
0.0001382552191345223,Постоянный,2016,18
0.0001382552191345223,Политики,2016,18
0.0001382552191345223,ТВД,2016,18
0.0001382552191345223,ОЦЕНКИ,2016,18
0.057188954331166005,в,2016,19
0.0445538551654874,и,2016,19
0.021206141015209547,на,2016,19
0.015106238571193944,с,2016,19
0.009876624005611389,–,2016,19
0.008702723008668345,the,2016,19
0.008037616355790747,В,2016,19
0.006951285623051378,между,2016,19
0.006582475765544938,of,2016,19
0.005543200192679226,М,2016,19
0.005506851398060609,США,2016,19
0.005316668682124364,стран,2016,19
0.005233375987000412,во,2016,19
0.005101069910873741,регионе,2016,19
0.005051010495499003,что,2016,19
0.0001382552191345223,Поднебесной,2018,0
0.0001382552191345223,Пентагоне,2018,0
0.0001382552191345223,Стратегию,2018,0
0.0001382552191345223,Сегодня,2018,0
0.0001382552191345223,Самую,2018,0
0.0001382552191345223,США–,2018,0
0.0001382552191345223,США»,2018,0
0.0001382552191345223,Реальная,2018,0
0.0001382552191345223,Расходы,2018,0
0.0001382552191345223,РЭБ,2018,0
0.0001382552191345223,Поэтому,2018,0
0.0001382552191345223,Постоянный,2018,0
0.0001382552191345223,Политики,2018,0
0.0001382552191345223,ТВД,2018,0
0.0001382552191345223,ОЦЕНКИ,2018,0
0.05680214655758878,мира,2018,1
0.00013042005716847497,Поднебесной,2018,1
0.00013042005716847497,Существует,2018,1
0.00013042005716847497,Стратегию,2018,1
0.00013042005716847497,Сегодня,2018,1
0.00013042005716847497,Самую,2018,1
0.00013042005716847497,США–,2018,1
0.00013042005716847497,США»,2018,1
0.00013042005716847497,Реальная,2018,1
0.00013042005716847497,Расходы,2018,1
0.00013042005716847497,РЭБ,2018,1
0.00013042005716847497,Поэтому,2018,1
0.00013042005716847497,Постоянный,2018,1
0.00013042005716847497,Тем,2018,1
0.00013042005716847497,Политики,2018,1
0.043759375659503545,безопасности,2018,2
0.043068723584395646,в,2018,2
0.03992198497672453,НАТО,2018,2
0.03291499108546557,и,2018,2
0.028293284128754898,с,2018,2
0.026562070962457048,США,2018,2
0.024859253538016837,национальной,2018,2
0.019431336440996507,также,2018,2
0.016247400862975984,военного,2018,2
0.014080117534142404,обороны,2018,2
0.012060305495221739,за,2018,2
0.010538380543790395,присутствия,2018,2
0.010329785986873764,саммита,2018,2
0.00944398173326216,ведомства,2018,2
0.00840564337080716,Блинкен,2018,2
0.05151847814247059,и,2018,3
0.0320137776209268,в,2018,3
0.01168662499731669,терроризма,2018,3
0.011203739000927441,с,2018,3
0.01080018457622376,По,2018,3
0.010737930498157406,терроризм,2018,3
0.009494510262780963,экстремизма,2018,3
0.009334737929779333,как,2018,3
0.008870303240224454,территории,2018,3
0.0086863143517545,против,2018,3
0.008391966058190805,к,2018,3
0.007736091457695237,других,2018,3
0.007238798183900698,государств,2018,3
0.007182061818841551,международных,2018,3
0.007138081861135292,их,2018,3
0.00013825521913452232,Поднебесной,2018,4
0.00013825521913452232,Пентагоне,2018,4
0.00013825521913452232,Стратегию,2018,4
0.00013825521913452232,Сегодня,2018,4
0.00013825521913452232,Самую,2018,4
0.00013825521913452232,США–,2018,4
0.00013825521913452232,США»,2018,4
0.00013825521913452232,Реальная,2018,4
0.00013825521913452232,Расходы,2018,4
0.00013825521913452232,РЭБ,2018,4
0.00013825521913452232,Поэтому,2018,4
0.00013825521913452232,Постоянный,2018,4
0.00013825521913452232,Политики,2018,4
0.00013825521913452232,ТВД,2018,4
0.00013825521913452232,ОЦЕНКИ,2018,4
0.041749844435412437,и,2018,5
0.03599794728983178,США,2018,5
0.020495698928100846,ВС,2018,5
0.01789698294714024,для,2018,5
0.015814769726412933,а,2018,5
0.01563545519581395,не,2018,5
0.014181685917884027,на,2018,5
0.014175698919304109,военных,2018,5
0.012499952715419978,более,2018,5
0.012295008670071914,двух,2018,5
0.011713023881277419,быть,2018,5
0.011513934028951782,как,2018,5
0.009898533040041279,в,2018,5
0.00010611239117788604,Самую,2018,5
0.00010611239117788604,ТВД,2018,5
0.0001382552191345224,Поднебесной,2018,6
0.0001382552191345224,Пентагоне,2018,6
0.0001382552191345224,Стратегию,2018,6
0.0001382552191345224,Сегодня,2018,6
0.0001382552191345224,Самую,2018,6
0.0001382552191345224,США–,2018,6
0.0001382552191345224,США»,2018,6
0.0001382552191345224,Реальная,2018,6
0.0001382552191345224,Расходы,2018,6
0.0001382552191345224,РЭБ,2018,6
0.0001382552191345224,Поэтому,2018,6
0.0001382552191345224,Постоянный,2018,6
0.0001382552191345224,Политики,2018,6
0.0001382552191345224,ТВД,2018,6
0.0001382552191345224,ОЦЕНКИ,2018,6
0.03227209028737423,в,2018,7
0.02852791336277513,что,2018,7
0.023704055123317733,не,2018,7
0.0144156271297029,на,2018,7
0.009705541256737782,все,2018,7
0.009024749306670306,всего,2018,7
0.008535048261590258,для,2018,7
0.008359034166791672,по,2018,7
0.008153982527065042,может,2018,7
0.007764033732085863,как,2018,7
0.007406811048958724,ли,2018,7
0.007345795869330242,ПРО,2018,7
0.006683513028678172,у,2018,7
0.006598773712270532,это,2018,7
0.006374580959445754,Владимир,2018,7
0.06454481731716222,без,2018,8
0.05855048977333931,страны,2018,8
0.03618963512327797,место,2018,8
0.00011628147410597794,Политики,2018,8
0.00011628147410597794,Пентагона»,2018,8
0.00011628147410597794,Стратегию,2018,8
0.00011628147410597794,Сегодня,2018,8
0.00011628147410597794,Самую,2018,8
0.00011628147410597794,США–,2018,8
0.00011628147410597794,США»,2018,8
0.00011628147410597794,Реальная,2018,8
0.00011628147410597794,Расходы,2018,8
0.00011628147410597794,РЭБ,2018,8
0.00011628147410597794,Поэтому,2018,8
0.00011628147410597794,Постоянный,2018,8
0.04736852881000082,в,2018,9
0.021781953559394593,и,2018,9
0.018513009240193005,что,2018,9
0.01795191261400649,этом,2018,9
0.015976102561990443,на,2018,9
0.01388868371699361,США,2018,9
0.011997743157198204,РФ,2018,9
0.011400485898375789,возможность,2018,9
0.010635265158793214,с,2018,9
0.010457053521457692,В,2018,9
0.00942552417630493,базирования,2018,9
0.008850818148158884,должны,2018,9
0.008413583833225945,еще,2018,9
0.00830448810645546,Россию,2018,9
0.00830348008311137,может,2018,9
0.02890265431720666,в,2018,10
0.020880373367731467,США,2018,10
0.019828308788810926,и,2018,10
0.01382239641817323,о,2018,10
0.013478060127100186,ядерного,2018,10
0.013168431107291162,ПРО,2018,10
0.013076498201020326,России,2018,10
0.012679858323499773,на,2018,10
0.011177711729999382,для,2018,10
0.009838944372316786,ЯО,2018,10
0.009661298296325576,не,2018,10
0.009251554026823185,Как,2018,10
0.0086040491878335,ее,2018,10
0.008427895850266896,стратегии,2018,10
0.007584670863981588,В,2018,10
0.04889548067749414,и,2018,11
0.0344754225401707,в,2018,11
0.016418193414966493,о,2018,11
0.010584732384499093,насилия,2018,11
0.010466296989134151,по,2018,11
0.00892522899607104,не,2018,11
0.00803556385815378,с,2018,11
0.007391681471292835,организаций,2018,11
0.007129353974271122,закона,2018,11
0.006974654419449266,числе,2018,11
0.006692794578012943,на,2018,11
0.006542821750486836,граждан,2018,11
0.006354603708757917,семьи,2018,11
0.006354602249921183,ст,2018,11
0.0063499645279621745,профилактике,2018,11
0.0001382552191345223,Поднебесной,2018,12
0.0001382552191345223,Пентагоне,2018,12
0.0001382552191345223,Стратегию,2018,12
0.0001382552191345223,Сегодня,2018,12
0.0001382552191345223,Самую,2018,12
0.0001382552191345223,США–,2018,12
0.0001382552191345223,США»,2018,12
0.0001382552191345223,Реальная,2018,12
0.0001382552191345223,Расходы,2018,12
0.0001382552191345223,РЭБ,2018,12
0.0001382552191345223,Поэтому,2018,12
0.0001382552191345223,Постоянный,2018,12
0.0001382552191345223,Политики,2018,12
0.0001382552191345223,ТВД,2018,12
0.0001382552191345223,ОЦЕНКИ,2018,12
0.035672521282923475,было,2018,13
0.00013334174207924182,Политики,2018,13
0.00013334174207924182,Существует,2018,13
0.00013334174207924182,Стратегию,2018,13
0.00013334174207924182,Сегодня,2018,13
0.00013334174207924182,Самую,2018,13
0.00013334174207924182,США–,2018,13
0.00013334174207924182,США»,2018,13
0.00013334174207924182,Реальная,2018,13
0.00013334174207924182,Расходы,2018,13
0.00013334174207924182,РЭБ,2018,13
0.00013334174207924182,Поэтому,2018,13
0.00013334174207924182,Постоянный,2018,13
0.00013334174207924182,Тем,2018,13
0.00013334174207924182,Особое,2018,13
0.05158753681297984,была,2018,14
0.026002467289943196,этого,2018,14
0.024562828810587623,с,2018,14
0.019238028277694556,на,2018,14
0.016892999352678937,цель,2018,14
0.016223187946824605,сказал,2018,14
0.01517620969674001,часть,2018,14
0.015070398549870023,ракет,2018,14
0.013441203991958741,группировки,2018,14
0.010980539719845653,Тополь,2018,14
0.010980539719845653,Коваль,2018,14
0.00010798173079909045,РЭБ,2018,14
0.00010798173079909045,Расходы,2018,14
0.00010798173079909045,Поэтому,2018,14
0.00010798173079909045,США»,2018,14
0.04150954957448874,и,2018,15
0.037106457194630196,в,2018,15
0.020931901392448524,не,2018,15
0.02002476470575,на,2018,15
0.019169143618093274,что,2018,15
0.013728437119691005,–,2018,15
0.01300782547465049,по,2018,15
0.012591853377911433,а,2018,15
0.010875555673077035,о,2018,15
0.010438380389296755,к,2018,15
0.009649519245175138,с,2018,15
0.009344478553723801,то,2018,15
0.008456904218139634,есть,2018,15
0.008426132549183342,но,2018,15
0.008036183104103487,В,2018,15
0.03853345380988941,в,2018,16
0.03645055898759111,и,2018,16
0.016054145707910916,является,2018,16
0.015321895510901342,на,2018,16
0.015070947625218073,году,2018,16
0.012705802586659619,года,2018,16
0.010673557504077587,также,2018,16
0.01044867453228995,с,2018,16
0.010400292745596815,войны,2018,16
0.010349041013113172,или,2018,16
0.009641238799624627,только,2018,16
0.009615864364149705,которые,2018,16
0.008747155543601604,со,2018,16
0.008212637505966652,время,2018,16
0.008208568514356522,из,2018,16
0.07319390603541129,и,2018,17
0.06606195054470546,в,2018,17
0.04445513119019693,на,2018,17
0.025168604809335172,по,2018,17
0.021817841238010525,с,2018,17
0.015405609786036932,к,2018,17
0.014845788613318487,В,2018,17
0.007838625406479336,а,2018,17
0.005373804938125176,России,2018,17
0.005026987385639129,что,2018,17
9.979395681195371e-05,США»,2018,17
9.979395681195371e-05,США–,2018,17
9.979395681195371e-05,Стратегию,2018,17
9.979395681195371e-05,Тем,2018,17
9.979395681195371e-05,Существует,2018,17
0.00013825521913452235,Поднебесной,2018,18
0.00013825521913452235,Пентагоне,2018,18
0.00013825521913452235,Стратегию,2018,18
0.00013825521913452235,Сегодня,2018,18
0.00013825521913452235,Самую,2018,18
0.00013825521913452235,США–,2018,18
0.00013825521913452235,США»,2018,18
0.00013825521913452235,Реальная,2018,18
0.00013825521913452235,Расходы,2018,18
0.00013825521913452235,РЭБ,2018,18
0.00013825521913452235,Поэтому,2018,18
0.00013825521913452235,Постоянный,2018,18
0.00013825521913452235,Политики,2018,18
0.00013825521913452235,ТВД,2018,18
0.00013825521913452235,ОЦЕНКИ,2018,18
0.05825576632638449,в,2018,19
0.04506347455894654,и,2018,19
0.02129634460005782,на,2018,19
0.015065767326644008,с,2018,19
0.009107260985552946,–,2018,19
0.008092965662689118,the,2018,19
0.008024487625211366,В,2018,19
0.007126342404336986,между,2018,19
0.0062172382540174155,of,2018,19
0.005487726190245221,США,2018,19
0.005365163891997228,населения,2018,19
0.005280016371421724,М,2018,19
0.005273687662352034,во,2018,19
0.005268143021673239,регионе,2018,19
0.005255055589948561,стран,2018,19
0.00013825521913452227,Поднебесной,2019,0
0.00013825521913452227,Пентагоне,2019,0
0.00013825521913452227,Стратегию,2019,0
0.00013825521913452227,Сегодня,2019,0
0.00013825521913452227,Самую,2019,0
0.00013825521913452227,США–,2019,0
0.00013825521913452227,США»,2019,0
0.00013825521913452227,Реальная,2019,0
0.00013825521913452227,Расходы,2019,0
0.00013825521913452227,РЭБ,2019,0
0.00013825521913452227,Поэтому,2019,0
0.00013825521913452227,Постоянный,2019,0
0.00013825521913452227,Политики,2019,0
0.00013825521913452227,ТВД,2019,0
0.00013825521913452227,ОЦЕНКИ,2019,0
0.060323435971180075,мира,2019,1
0.0001299331532119496,Поднебесной,2019,1
0.0001299331532119496,Существует,2019,1
0.0001299331532119496,Стратегию,2019,1
0.0001299331532119496,Сегодня,2019,1
0.0001299331532119496,Самую,2019,1
0.0001299331532119496,США–,2019,1
0.0001299331532119496,США»,2019,1
0.0001299331532119496,Реальная,2019,1
0.0001299331532119496,Расходы,2019,1
0.0001299331532119496,РЭБ,2019,1
0.0001299331532119496,Поэтому,2019,1
0.0001299331532119496,Постоянный,2019,1
0.0001299331532119496,Тем,2019,1
0.0001299331532119496,Политики,2019,1
0.045471810045142676,безопасности,2019,2
0.04289045383403659,в,2019,2
0.03984774405694971,НАТО,2019,2
0.032800330199613204,и,2019,2
0.028117837291940336,с,2019,2
0.02649384218394528,США,2019,2
0.024633434705661646,национальной,2019,2
0.019550107298920042,также,2019,2
0.015728865978593153,военного,2019,2
0.014531747063344997,обороны,2019,2
0.012075205851942309,за,2019,2
0.010816117910276755,саммита,2019,2
0.010661983104234687,присутствия,2019,2
0.009258239953747015,ведомства,2019,2
0.008259485750409547,Блинкен,2019,2
0.05225807464232714,и,2019,3
0.03224384782285976,в,2019,3
0.013055616419404286,терроризма,2019,3
0.011908828875614935,терроризм,2019,3
0.01118346861306245,с,2019,3
0.009805774936678648,экстремизма,2019,3
0.009661828029857461,По,2019,3
0.009351309864668094,как,2019,3
0.008432021807681964,против,2019,3
0.008419204863150325,к,2019,3
0.008337106666984003,территории,2019,3
0.007499431490747055,других,2019,3
0.007273238988548245,государств,2019,3
0.007125532038532628,их,2019,3
0.007072942939519186,международных,2019,3
0.0001382552191345223,Поднебесной,2019,4
0.0001382552191345223,Пентагоне,2019,4
0.0001382552191345223,Стратегию,2019,4
0.0001382552191345223,Сегодня,2019,4
0.0001382552191345223,Самую,2019,4
0.0001382552191345223,США–,2019,4
0.0001382552191345223,США»,2019,4
0.0001382552191345223,Реальная,2019,4
0.0001382552191345223,Расходы,2019,4
0.0001382552191345223,РЭБ,2019,4
0.0001382552191345223,Поэтому,2019,4
0.0001382552191345223,Постоянный,2019,4
0.0001382552191345223,Политики,2019,4
0.0001382552191345223,ТВД,2019,4
0.0001382552191345223,ОЦЕНКИ,2019,4
0.041663961705348806,и,2019,5
0.03646107213378907,США,2019,5
0.020644337162991223,ВС,2019,5
0.017841756408065484,для,2019,5
0.015823990984817092,а,2019,5
0.01563521588295154,не,2019,5
0.014615865904664821,военных,2019,5
0.014171534476698774,на,2019,5
0.012722219808992533,более,2019,5
0.012396379031725592,двух,2019,5
0.01153475649606483,быть,2019,5
0.011518551327263262,как,2019,5
0.009883301141800891,в,2019,5
0.00010596773650066843,Самую,2019,5
0.00010596773650066843,ТВД,2019,5
0.0001382552191345224,Поднебесной,2019,6
0.0001382552191345224,Пентагоне,2019,6
0.0001382552191345224,Стратегию,2019,6
0.0001382552191345224,Сегодня,2019,6
0.0001382552191345224,Самую,2019,6
0.0001382552191345224,США–,2019,6
0.0001382552191345224,США»,2019,6
0.0001382552191345224,Реальная,2019,6
0.0001382552191345224,Расходы,2019,6
0.0001382552191345224,РЭБ,2019,6
0.0001382552191345224,Поэтому,2019,6
0.0001382552191345224,Постоянный,2019,6
0.0001382552191345224,Политики,2019,6
0.0001382552191345224,ТВД,2019,6
0.0001382552191345224,ОЦЕНКИ,2019,6
0.03228703252853194,в,2019,7
0.028424739132486297,что,2019,7
0.023723526896567395,не,2019,7
0.01441899374415471,на,2019,7
0.010436597736602226,всего,2019,7
0.00953000762719384,все,2019,7
0.008500186709521644,для,2019,7
0.008359864093718024,по,2019,7
0.008139088993100552,может,2019,7
0.007774630934729234,как,2019,7
0.007641353264208995,ли,2019,7
0.0071763419351128085,ПРО,2019,7
0.0067744717718589515,у,2019,7
0.006589457823324068,это,2019,7
0.006532161628660038,того,2019,7
0.06430868257665709,без,2019,8
0.0604940035178693,страны,2019,8
0.03583202684413107,место,2019,8
0.0001160947838259118,Политики,2019,8
0.0001160947838259118,Пентагона»,2019,8
0.0001160947838259118,Стратегию,2019,8
0.0001160947838259118,Сегодня,2019,8
0.0001160947838259118,Самую,2019,8
0.0001160947838259118,США–,2019,8
0.0001160947838259118,США»,2019,8
0.0001160947838259118,Реальная,2019,8
0.0001160947838259118,Расходы,2019,8
0.0001160947838259118,РЭБ,2019,8
0.0001160947838259118,Поэтому,2019,8
0.0001160947838259118,Постоянный,2019,8
0.048101872945802496,в,2019,9
0.022131021093301784,и,2019,9
0.01818956239447776,что,2019,9
0.016647071853345314,этом,2019,9
0.016164284546045803,на,2019,9
0.014504791687566795,США,2019,9
0.011511757601701162,РФ,2019,9
0.010993609068298351,возможность,2019,9
0.010798644595215642,В,2019,9
0.010637517211660816,с,2019,9
0.0096663671312669,базирования,2019,9
0.00850075140250423,должны,2019,9
0.008250261959846837,Россию,2019,9
0.008116592306409137,ядерного,2019,9
0.00783982434432991,еще,2019,9
0.028842453339914965,в,2019,10
0.02098567712899548,США,2019,10
0.019890663996834528,и,2019,10
0.01412634005631023,ядерного,2019,10
0.013827699030973722,ПРО,2019,10
0.013773746635797243,о,2019,10
0.012961283378347519,России,2019,10
0.012682914545674162,на,2019,10
0.01128466537181183,для,2019,10
0.01077810423328095,ЯО,2019,10
0.00981396052604011,не,2019,10
0.008146327227777063,стратегии,2019,10
0.008047017050983802,ее,2019,10
0.007842647409605321,ЕвроПРО,2019,10
0.007747523830272638,В,2019,10
0.0486955711569598,и,2019,11
0.0344160380894522,в,2019,11
0.01583444954627194,о,2019,11
0.011062366872574841,насилия,2019,11
0.010490732950842095,по,2019,11
0.008948923732183652,не,2019,11
0.008108062263477192,организаций,2019,11
0.008018457122621201,с,2019,11
0.007645082070063373,числе,2019,11
0.007174464688222662,граждан,2019,11
0.006945408633646161,закона,2019,11
0.006688026181424604,на,2019,11
0.006207962388553495,профилактике,2019,11
0.006204952153751477,семьи,2019,11
0.006204950707480309,ст,2019,11
0.0001382552191345223,Поднебесной,2019,12
0.0001382552191345223,Пентагоне,2019,12
0.0001382552191345223,Стратегию,2019,12
0.0001382552191345223,Сегодня,2019,12
0.0001382552191345223,Самую,2019,12
0.0001382552191345223,США–,2019,12
0.0001382552191345223,США»,2019,12
0.0001382552191345223,Реальная,2019,12
0.0001382552191345223,Расходы,2019,12
0.0001382552191345223,РЭБ,2019,12
0.0001382552191345223,Поэтому,2019,12
0.0001382552191345223,Постоянный,2019,12
0.0001382552191345223,Политики,2019,12
0.0001382552191345223,ТВД,2019,12
0.0001382552191345223,ОЦЕНКИ,2019,12
0.036237416765351256,было,2019,13
0.00013326363153133968,Политики,2019,13
0.00013326363153133968,Существует,2019,13
0.00013326363153133968,Стратегию,2019,13
0.00013326363153133968,Сегодня,2019,13
0.00013326363153133968,Самую,2019,13
0.00013326363153133968,США–,2019,13
0.00013326363153133968,США»,2019,13
0.00013326363153133968,Реальная,2019,13
0.00013326363153133968,Расходы,2019,13
0.00013326363153133968,РЭБ,2019,13
0.00013326363153133968,Поэтому,2019,13
0.00013326363153133968,Постоянный,2019,13
0.00013326363153133968,Тем,2019,13
0.00013326363153133968,Особое,2019,13
0.05679203949097085,была,2019,14
0.027029896959115087,этого,2019,14
0.024392739398708046,с,2019,14
0.019131190545577523,на,2019,14
0.0164806110568933,цель,2019,14
0.015840126384942484,сказал,2019,14
0.014835156620815814,часть,2019,14
0.014734134087971562,ракет,2019,14
0.01316539643362932,группировки,2019,14
0.010785710829520557,Тополь,2019,14
0.010785710829520557,Коваль,2019,14
0.00010745323834981097,РЭБ,2019,14
0.00010745323834981097,Расходы,2019,14
0.00010745323834981097,Поэтому,2019,14
0.00010745323834981097,США»,2019,14
0.04211348746005205,и,2019,15
0.03739500350132134,в,2019,15
0.02096968845812059,не,2019,15
0.020085200573031037,на,2019,15
0.018982171722367044,что,2019,15
0.01313471004775202,а,2019,15
0.012999630138434397,по,2019,15
0.011574997850160067,–,2019,15
0.01104898355101358,о,2019,15
0.01070054431919267,к,2019,15
0.010445848393619126,то,2019,15
0.009585888101235644,с,2019,15
0.008730580077574716,будет,2019,15
0.008444446723966062,но,2019,15
0.008230015458344163,том,2019,15
0.03865381289392746,в,2019,16
0.03713383944322722,и,2019,16
0.01646967036352601,является,2019,16
0.015968231363315682,году,2019,16
0.015412143245945168,на,2019,16
0.013624798556254416,года,2019,16
0.011628660841595088,также,2019,16
0.010845223562995145,войны,2019,16
0.010620465818138757,или,2019,16
0.010328034859459536,с,2019,16
0.009896190594245865,только,2019,16
0.008589580932533954,которые,2019,16
0.008507629340230537,со,2019,16
0.008071194222522874,от,2019,16
0.007978030103026558,из,2019,16
0.07384405143153443,и,2019,17
0.06606546723317169,в,2019,17
0.044538099366427615,на,2019,17
0.025431458726579835,по,2019,17
0.021670264308384788,с,2019,17
0.015352008056948538,к,2019,17
0.014828123766236996,В,2019,17
0.007869534608322591,а,2019,17
0.005371461626779419,России,2019,17
0.005034822419171138,что,2019,17
9.968084015733673e-05,США»,2019,17
9.968084015733673e-05,США–,2019,17
9.968084015733673e-05,Стратегию,2019,17
9.968084015733673e-05,Тем,2019,17
9.968084015733673e-05,Существует,2019,17
0.00013825521913452232,Поднебесной,2019,18
0.00013825521913452232,Пентагоне,2019,18
0.00013825521913452232,Стратегию,2019,18
0.00013825521913452232,Сегодня,2019,18
0.00013825521913452232,Самую,2019,18
0.00013825521913452232,США–,2019,18
0.00013825521913452232,США»,2019,18
0.00013825521913452232,Реальная,2019,18
0.00013825521913452232,Расходы,2019,18
0.00013825521913452232,РЭБ,2019,18
0.00013825521913452232,Поэтому,2019,18
0.00013825521913452232,Постоянный,2019,18
0.00013825521913452232,Политики,2019,18
0.00013825521913452232,ТВД,2019,18
0.00013825521913452232,ОЦЕНКИ,2019,18
0.059052511128568845,в,2019,19
0.04555507529053062,и,2019,19
0.021376356420059053,на,2019,19
0.015036762880965086,с,2019,19
0.00861590555887737,–,2019,19
0.008019161878316704,В,2019,19
0.007700077547316658,the,2019,19
0.007180651085934094,между,2019,19
0.00597593273153927,of,2019,19
0.005853602160145396,населения,2019,19
0.005549909293681099,США,2019,19
0.005521365158885198,регионе,2019,19
0.005271981460364792,стран,2019,19
0.0052695552619121235,странах,2019,19
0.005217886770637641,во,2019,19
0.00013825521913452237,Поднебесной,2020,0
0.00013825521913452237,Пентагоне,2020,0
0.00013825521913452237,Стратегию,2020,0
0.00013825521913452237,Сегодня,2020,0
0.00013825521913452237,Самую,2020,0
0.00013825521913452237,США–,2020,0
0.00013825521913452237,США»,2020,0
0.00013825521913452237,Реальная,2020,0
0.00013825521913452237,Расходы,2020,0
0.00013825521913452237,РЭБ,2020,0
0.00013825521913452237,Поэтому,2020,0
0.00013825521913452237,Постоянный,2020,0
0.00013825521913452237,Политики,2020,0
0.00013825521913452237,ТВД,2020,0
0.00013825521913452237,ОЦЕНКИ,2020,0
0.06079603896981503,мира,2020,1
0.00012986780434598794,Поднебесной,2020,1
0.00012986780434598794,Существует,2020,1
0.00012986780434598794,Стратегию,2020,1
0.00012986780434598794,Сегодня,2020,1
0.00012986780434598794,Самую,2020,1
0.00012986780434598794,США–,2020,1
0.00012986780434598794,США»,2020,1
0.00012986780434598794,Реальная,2020,1
0.00012986780434598794,Расходы,2020,1
0.00012986780434598794,РЭБ,2020,1
0.00012986780434598794,Поэтому,2020,1
0.00012986780434598794,Постоянный,2020,1
0.00012986780434598794,Тем,2020,1
0.00012986780434598794,Политики,2020,1
0.047256321332817305,безопасности,2020,2
0.04270714913921878,в,2020,2
0.03977400248140533,НАТО,2020,2
0.03268736273649588,и,2020,2
0.02795544303365569,с,2020,2
0.026424324933979393,США,2020,2
0.02440925817097481,национальной,2020,2
0.019681186749675162,также,2020,2
0.01523084017937448,военного,2020,2
0.015002319529780693,обороны,2020,2
0.012090606580077897,за,2020,2
0.011326196560389417,саммита,2020,2
0.01078650638046023,присутствия,2020,2
0.009077104505050632,ведомства,2020,2
0.008114881613353615,Блинкен,2020,2
0.05219208840580208,и,2020,3
0.032211684119847275,в,2020,3
0.013056499962508319,терроризма,2020,3
0.011908907811374337,терроризм,2020,3
0.01117708215824907,с,2020,3
0.009805598957002667,экстремизма,2020,3
0.009661005845184954,По,2020,3
0.009347178275965672,как,2020,3
0.008431630299431198,против,2020,3
0.008416920556989825,к,2020,3
0.008335266387433671,территории,2020,3
0.0074994942604998975,других,2020,3
0.007272427008398682,государств,2020,3
0.007123477493182752,их,2020,3
0.007073943508428041,международных,2020,3
0.00013825521913452232,Поднебесной,2020,4
0.00013825521913452232,Пентагоне,2020,4
0.00013825521913452232,Стратегию,2020,4
0.00013825521913452232,Сегодня,2020,4
0.00013825521913452232,Самую,2020,4
0.00013825521913452232,США–,2020,4
0.00013825521913452232,США»,2020,4
0.00013825521913452232,Реальная,2020,4
0.00013825521913452232,Расходы,2020,4
0.00013825521913452232,РЭБ,2020,4
0.00013825521913452232,Поэтому,2020,4
0.00013825521913452232,Постоянный,2020,4
0.00013825521913452232,Политики,2020,4
0.00013825521913452232,ТВД,2020,4
0.00013825521913452232,ОЦЕНКИ,2020,4
0.04165424457732843,и,2020,5
0.03646456316378056,США,2020,5
0.02051958668597546,ВС,2020,5
0.017842864941349464,для,2020,5
0.015851192735753663,а,2020,5
0.015636022619097256,не,2020,5
0.014786103971361165,военных,2020,5
0.014172891870621583,на,2020,5
0.012730272337586305,более,2020,5
0.012345868145759751,двух,2020,5
0.011535711055190146,быть,2020,5
0.011520072554656646,как,2020,5
0.009883250164992837,в,2020,5
0.00010596362260062972,Самую,2020,5
0.00010596362260062972,ТВД,2020,5
0.00013825521913452235,Поднебесной,2020,6
0.00013825521913452235,Пентагоне,2020,6
0.00013825521913452235,Стратегию,2020,6
0.00013825521913452235,Сегодня,2020,6
0.00013825521913452235,Самую,2020,6
0.00013825521913452235,США–,2020,6
0.00013825521913452235,США»,2020,6
0.00013825521913452235,Реальная,2020,6
0.00013825521913452235,Расходы,2020,6
0.00013825521913452235,РЭБ,2020,6
0.00013825521913452235,Поэтому,2020,6
0.00013825521913452235,Постоянный,2020,6
0.00013825521913452235,Политики,2020,6
0.00013825521913452235,ТВД,2020,6
0.00013825521913452235,ОЦЕНКИ,2020,6
0.03222257352900357,в,2020,7
0.028302379581763924,что,2020,7
0.023711333600456273,не,2020,7
0.014403959130557226,на,2020,7
0.011766001664334728,всего,2020,7
0.009318940007310676,все,2020,7
0.008492813787372544,для,2020,7
0.008349472373524305,по,2020,7
0.00812181989902093,может,2020,7
0.007768286535771302,как,2020,7
0.007504679196939209,ли,2020,7
0.007176918670303088,ПРО,2020,7
0.006754302808084799,у,2020,7
0.006603682817926321,это,2020,7
0.006534835021700051,того,2020,7
0.06432475305716323,без,2020,8
0.06051301770574761,страны,2020,8
0.03584194512908265,место,2020,8
0.00011608855935103828,Политики,2020,8
0.00011608855935103828,Пентагона»,2020,8
0.00011608855935103828,Стратегию,2020,8
0.00011608855935103828,Сегодня,2020,8
0.00011608855935103828,Самую,2020,8
0.00011608855935103828,США–,2020,8
0.00011608855935103828,США»,2020,8
0.00011608855935103828,Реальная,2020,8
0.00011608855935103828,Расходы,2020,8
0.00011608855935103828,РЭБ,2020,8
0.00011608855935103828,Поэтому,2020,8
0.00011608855935103828,Постоянный,2020,8
0.047207933177582595,в,2020,9
0.021963567779528893,и,2020,9
0.018198699128250905,этом,2020,9
0.017960281875600146,что,2020,9
0.016065682711680455,на,2020,9
0.014435844332494323,США,2020,9
0.012500411998308317,РФ,2020,9
0.011976398273416034,возможность,2020,9
0.010777393739263095,В,2020,9
0.01054543658677168,с,2020,9
0.010186897019876814,базирования,2020,9
0.008223355899190392,должны,2020,9
0.008110750668520517,ядерного,2020,9
0.007749760691074314,Россию,2020,9
0.007694033940795264,еще,2020,9
0.028772958057894146,в,2020,10
0.020973050003988563,США,2020,10
0.019940929707988716,и,2020,10
0.014898326601618214,ядерного,2020,10
0.014734170007495407,ПРО,2020,10
0.013666726680709803,о,2020,10
0.012840695579194638,России,2020,10
0.012674180229689991,на,2020,10
0.011940295651178651,ЯО,2020,10
0.011397065402113401,для,2020,10
0.009969292142184198,не,2020,10
0.008224503022119155,ЕвроПРО,2020,10
0.008084597994971982,применения,2020,10
0.007905425134108612,В,2020,10
0.007682921576142568,стратегии,2020,10
0.048657096589076396,и,2020,11
0.03443217953697198,в,2020,11
0.01583069093902503,о,2020,11
0.011063539676521203,насилия,2020,11
0.010488893319938311,по,2020,11
0.00895353272241579,не,2020,11
0.008113559667607856,организаций,2020,11
0.008017032282018922,с,2020,11
0.007645576466039092,числе,2020,11
0.007174665064178741,граждан,2020,11
0.006945075938325353,закона,2020,11
0.006687568423112667,на,2020,11
0.006211441858472504,профилактике,2020,11
0.006203644368664782,семьи,2020,11
0.006203642891863882,ст,2020,11
0.00013825521913452227,Поднебесной,2020,12
0.00013825521913452227,Пентагоне,2020,12
0.00013825521913452227,Стратегию,2020,12
0.00013825521913452227,Сегодня,2020,12
0.00013825521913452227,Самую,2020,12
0.00013825521913452227,США–,2020,12
0.00013825521913452227,США»,2020,12
0.00013825521913452227,Реальная,2020,12
0.00013825521913452227,Расходы,2020,12
0.00013825521913452227,РЭБ,2020,12
0.00013825521913452227,Поэтому,2020,12
0.00013825521913452227,Постоянный,2020,12
0.00013825521913452227,Политики,2020,12
0.00013825521913452227,ТВД,2020,12
0.00013825521913452227,ОЦЕНКИ,2020,12
0.036239805534378944,было,2020,13
0.00013326330122588782,Политики,2020,13
0.00013326330122588782,Существует,2020,13
0.00013326330122588782,Стратегию,2020,13
0.00013326330122588782,Сегодня,2020,13
0.00013326330122588782,Самую,2020,13
0.00013326330122588782,США–,2020,13
0.00013326330122588782,США»,2020,13
0.00013326330122588782,Реальная,2020,13
0.00013326330122588782,Расходы,2020,13
0.00013326330122588782,РЭБ,2020,13
0.00013326330122588782,Поэтому,2020,13
0.00013326330122588782,Постоянный,2020,13
0.00013326330122588782,Тем,2020,13
0.00013326330122588782,Особое,2020,13
0.06244208093003618,была,2020,14
0.02807608171225225,этого,2020,14
0.024213323384773253,с,2020,14
0.01901517465699056,на,2020,14
0.016071666052209173,цель,2020,14
0.015457813709114235,сказал,2020,14
0.014494583404008098,часть,2020,14
0.014397902666587132,ракет,2020,14
0.012888477537729854,группировки,2020,14
0.010588626022607212,Тополь,2020,14
0.010588626022607212,Коваль,2020,14
0.0001068631464831189,РЭБ,2020,14
0.0001068631464831189,Расходы,2020,14
0.0001068631464831189,Поэтому,2020,14
0.0001068631464831189,США»,2020,14
0.04216980788990531,и,2020,15
0.03738455425233796,в,2020,15
0.02100209083786354,не,2020,15
0.020040210081919103,на,2020,15
0.018767938332533055,что,2020,15
0.013729208072791068,а,2020,15
0.01293515825731693,по,2020,15
0.011838528235906863,то,2020,15
0.011007482901986701,о,2020,15
0.010664173234006206,к,2020,15
0.010319829424632216,–,2020,15
0.00951456540994269,с,2020,15
0.009443855726053541,будет,2020,15
0.009197384214187723,том,2020,15
0.008068232343480202,но,2020,15
0.03837196940967164,в,2020,16
0.03723278489932274,и,2020,16
0.016596579855373196,является,2020,16
0.015606408526503662,году,2020,16
0.015395240539854244,на,2020,16
0.014266312663996026,года,2020,16
0.01216568860016208,также,2020,16
0.011356188805378451,войны,2020,16
0.010586981252824652,или,2020,16
0.010230143823866326,с,2020,16
0.009808954374957797,только,2020,16
0.00921775631955999,со,2020,16
0.008049885109522426,от,2020,16
0.007876349758664561,которые,2020,16
0.00778097475602246,для,2020,16
0.07389300172321812,и,2020,17
0.06593287044849148,в,2020,17
0.04448672274376823,на,2020,17
0.02538868441337391,по,2020,17
0.02162130282927518,с,2020,17
0.015346197025136845,к,2020,17
0.014833789798196013,В,2020,17
0.007906463777266332,а,2020,17
0.005375167943969933,России,2020,17
0.005037173997017272,что,2020,17
9.97063028243509e-05,США»,2020,17
9.97063028243509e-05,США–,2020,17
9.97063028243509e-05,Стратегию,2020,17
9.97063028243509e-05,Тем,2020,17
9.97063028243509e-05,Существует,2020,17
0.00013825521913452235,Поднебесной,2020,18
0.00013825521913452235,Пентагоне,2020,18
0.00013825521913452235,Стратегию,2020,18
0.00013825521913452235,Сегодня,2020,18
0.00013825521913452235,Самую,2020,18
0.00013825521913452235,США–,2020,18
0.00013825521913452235,США»,2020,18
0.00013825521913452235,Реальная,2020,18
0.00013825521913452235,Расходы,2020,18
0.00013825521913452235,РЭБ,2020,18
0.00013825521913452235,Поэтому,2020,18
0.00013825521913452235,Постоянный,2020,18
0.00013825521913452235,Политики,2020,18
0.00013825521913452235,ТВД,2020,18
0.00013825521913452235,ОЦЕНКИ,2020,18
0.05885165545443796,в,2020,19
0.04531766460687887,и,2020,19
0.021362511894499333,на,2020,19
0.015002855512924499,с,2020,19
0.0085897926869311,–,2020,19
0.008015536110095395,В,2020,19
0.007682939222066815,the,2020,19
0.007242584432812507,между,2020,19
0.005965271917456697,of,2020,19
0.005844268095390315,населения,2020,19
0.005556115113195096,США,2020,19
0.0055138946688364,регионе,2020,19
0.0052797320565528974,стран,2020,19
0.005262131075702755,странах,2020,19
0.005207686693281663,во,2020,19
